"JAROSLAWDIS","Prot. nr 351 du  31/05/25 ","PROTOK. PRZEKAZANIA","Zaimport dok Express Drive","Dok utworz. przez transfer danych","Zaimport. dok GRAP","Strona 1/1",09/06/25,"Dostawca","Artykuł","il.","CZF Netto","CS BRUT","Wartoć","Wartoć","VAT","Kod","(Ref wytwórcy)","Kod","EAN/PLU","Zestaw","(SZT)","CZF Netto","CS BRUT","Powód","Dzial 0101 SPOZYWCZY SLODKI : 32 UVC","(c.d.)","197.60","251.28","MW FOOD Sp. z o.o. Sp.k.","ŁOWICZ DŻEM 280G TRUSK PORZECZ","4","5.58","5.99","22.32","23.96","09","5%00","5512262007",,"3847647","5900397736221",,,,,"Zużycie na produkcję","Dok. ogółem : 3 986 UVC + 658.723 KG","18 713.71","rptNETWSKM003.rpt - GALECPOLOG PL94 (pl94botwinam)",".../...","rptNETWSKM003.rpt - GALECPOLOG PL94 (pl94botwinam)","Wydruk zakończony 09/06/25 o 14:25"
"JAROSLAWDIS","Prot. nr 351 du  31/05/25 ","PROTOK. PRZEKAZANIA","Zaimport dok Express Drive","Dok utworz. przez transfer danych","Zaimport. dok GRAP","Strona 1/1",09/06/25,"Dostawca","Artykuł","il.","CZF Netto","CS BRUT","Wartoć","Wartoć","VAT","Kod","(Ref wytwórcy)","Kod","EAN/PLU","Zestaw","(SZT)","CZF Netto","CS BRUT","Powód","Dzial 0101 SPOZYWCZY SLODKI : 32 UVC","(c.d.)","197.60","251.28","AKSAM","MAST CHLEB 500G TOST PSZENNY","4","4.09","5.19","16.36","20.76","09","5%00","5492410136",,"4084489","5906660176138",,,,,"Zużycie na produkcję","Dok. ogółem : 3 986 UVC + 658.723 KG","18 713.71","rptNETWSKM003.rpt - GALECPOLOG PL94 (pl94botwinam)",".../...","rptNETWSKM003.rpt - GALECPOLOG PL94 (pl94botwinam)","Wydruk zakończony 09/06/25 o 14:25"
"JAROSLAWDIS","Prot. nr 351 du  31/05/25 ","PROTOK. PRZEKAZANIA","Zaimport dok Express Drive","Dok utworz. przez transfer danych","Zaimport. dok GRAP","Strona 1/1",09/06/25,"Dostawca","Artykuł","il.","CZF Netto","CS BRUT","Wartoć","Wartoć","VAT","Kod","(Ref wytwórcy)","Kod","EAN/PLU","Zestaw","(SZT)","CZF Netto","CS BRUT","Powód","Dzial 0101 SPOZYWCZY SLODKI : 32 UVC","(c.d.)","197.60","251.28","JAROSŁAWDIS Spółka z ograniczon","DAVID KAWA 250G MIEL RICH AROMA","2","18.1732","24.99","36.35","49.98","13","23%00","5252675059",,"3840683","4006067048388",,,,,"Zużycie na produkcję","Dok. ogółem : 3 986 UVC + 658.723 KG","18 713.71","rptNETWSKM003.rpt - GALECPOLOG PL94 (pl94botwinam)",".../...","rptNETWSKM003.rpt - GALECPOLOG PL94 (pl94botwinam)","Wydruk zakończony 09/06/25 o 14:25"
"JAROSLAWDIS","Prot. nr 351 du  31/05/25 ","PROTOK. PRZEKAZANIA","Zaimport dok Express Drive","Dok utworz. przez transfer danych","Zaimport. dok GRAP","Strona 1/1",09/06/25,"Dostawca","Artykuł","il.","CZF Netto","CS BRUT","Wartoć","Wartoć","VAT","Kod","(Ref wytwórcy)","Kod","EAN/PLU","Zestaw","(SZT)","CZF Netto","CS BRUT","Powód","Dzial 0101 SPOZYWCZY SLODKI : 32 UVC","(c.d.)","197.60","251.28","BIOLOGISTIC POLSKA SP. Z O.O.","BIOLIF SEZAM 250G ŁUSK BIO","1","8.3109","10.49","8.31","10.49","09","5%00","9592055464","(ZLFSEZLUSK250)","3740198","5901785341010",,,,,"Zużycie na produkcję","Dok. ogółem : 3 986 UVC + 658.723 KG","18 713.71","rptNETWSKM003.rpt - GALECPOLOG PL94 (pl94botwinam)",".../...","rptNETWSKM003.rpt - GALECPOLOG PL94 (pl94botwinam)","Wydruk zakończony 09/06/25 o 14:25"
"JAROSLAWDIS","Prot. nr 351 du  31/05/25 ","PROTOK. PRZEKAZANIA","Zaimport dok Express Drive","Dok utworz. przez transfer danych","Zaimport. dok GRAP","Strona 1/1",09/06/25,"Dostawca","Artykuł","il.","CZF Netto","CS BRUT","Wartoć","Wartoć","VAT","Kod","(Ref wytwórcy)","Kod","EAN/PLU","Zestaw","(SZT)","CZF Netto","CS BRUT","Powód","Dzial 0101 SPOZYWCZY SLODKI : 32 UVC","(c.d.)","197.60","251.28","JAROSŁAWDIS Spółka z ograniczon","MAST YORK CHLEB 750G TOST","4","5.34","6.59","21.36","26.36","09","5%00","5252675059",,"4084919","5906660176220",,,,,"Zużycie na produkcję","Dok. ogółem : 3 986 UVC + 658.723 KG","18 713.71","rptNETWSKM003.rpt - GALECPOLOG PL94 (pl94botwinam)",".../...","rptNETWSKM003.rpt - GALECPOLOG PL94 (pl94botwinam)","Wydruk zakończony 09/06/25 o 14:25"
"JAROSLAWDIS","Prot. nr 351 du  31/05/25 ","PROTOK. PRZEKAZANIA","Zaimport dok Express Drive","Dok utworz. przez transfer danych","Zaimport. dok GRAP","Strona 1/1",09/06/25,"Dostawca","Artykuł","il.","CZF Netto","CS BRUT","Wartoć","Wartoć","VAT","Kod","(Ref wytwórcy)","Kod","EAN/PLU","Zestaw","(SZT)","CZF Netto","CS BRUT","Powód","Dzial 0101 SPOZYWCZY SLODKI : 32 UVC","(c.d.)","197.60","251.28","BZOMEX Sp. z o.o. Sp. k.","DELEC PIEGI 35G MINI KOLOROWE","2","2.5022","2.99","5.00","5.98","13","23%00","6812056608","(25526)","3837515","5900983022936",,,,,"Zużycie na produkcję","Dok. ogółem : 3 986 UVC + 658.723 KG","18 713.71","rptNETWSKM003.rpt - GALECPOLOG PL94 (pl94botwinam)",".../...","rptNETWSKM003.rpt - GALECPOLOG PL94 (pl94botwinam)","Wydruk zakończony 09/06/25 o 14:25"
"JAROSLAWDIS","Prot. nr 351 du  31/05/25 ","PROTOK. PRZEKAZANIA","Zaimport dok Express Drive","Dok utworz. przez transfer danych","Zaimport. dok GRAP","Strona 1/1",09/06/25,"Dostawca","Artykuł","il.","CZF Netto","CS BRUT","Wartoć","Wartoć","VAT","Kod","(Ref wytwórcy)","Kod","EAN/PLU","Zestaw","(SZT)","CZF Netto","CS BRUT","Powód","Dzial 0101 SPOZYWCZY SLODKI : 32 UVC","(c.d.)","197.60","251.28","BZOMEX Sp. z o.o. Sp. k.","SANT GRANOL 350G CZEKOLADA","5","6.68","7.99","33.40","39.95","09","5%00","6812056608","(P-1-SANTE  -2131)","3847035","5900617002983",,,,,"Zużycie na produkcję","Dok. ogółem : 3 986 UVC + 658.723 KG","18 713.71","rptNETWSKM003.rpt - GALECPOLOG PL94 (pl94botwinam)",".../...","rptNETWSKM003.rpt - GALECPOLOG PL94 (pl94botwinam)","Wydruk zakończony 09/06/25 o 14:25"
"JAROSLAWDIS","Prot. nr 351 du  31/05/25 ","PROTOK. PRZEKAZANIA","Zaimport dok Express Drive","Dok utworz. przez transfer danych","Zaimport. dok GRAP","Strona 1/1",09/06/25,"Dostawca","Artykuł","il.","CZF Netto","CS BRUT","Wartoć","Wartoć","VAT","Kod","(Ref wytwórcy)","Kod","EAN/PLU","Zestaw","(SZT)","CZF Netto","CS BRUT","Powód","Dzial 0101 SPOZYWCZY SLODKI : 32 UVC","(c.d.)","197.60","251.28","BZOMEX Sp. z o.o. Sp. k.","SANT CRUNCH PŁAT NIAD 350G BAN","5","5.72","6.99","28.60","34.95","09","5%00","6812056608","(P-1-SANTE  -2128)","3847043","5900617002617",,,,,"Zużycie na produkcję","Dok. ogółem : 3 986 UVC + 658.723 KG","18 713.71","rptNETWSKM003.rpt - GALECPOLOG PL94 (pl94botwinam)",".../...","rptNETWSKM003.rpt - GALECPOLOG PL94 (pl94botwinam)","Wydruk zakończony 09/06/25 o 14:25"
"JAROSLAWDIS","Prot. nr 351 du  31/05/25 ","PROTOK. PRZEKAZANIA","Zaimport dok Express Drive","Dok utworz. przez transfer danych","Zaimport. dok GRAP","Strona 1/1",09/06/25,"Dostawca","Artykuł","il.","CZF Netto","CS BRUT","Wartoć","Wartoć","VAT","Kod","(Ref wytwórcy)","Kod","EAN/PLU","Zestaw","(SZT)","CZF Netto","CS BRUT","Powód","Dzial 0101 SPOZYWCZY SLODKI : 32 UVC","(c.d.)","197.60","251.28","SCAWAR Sp. z o.o.","KR PSZCZ MIÓD 1KG WIELOKW","1","12.25","17.49","12.25","17.49","09","5%00","5222574715",,"3848355","5901749001608",,,,,"Zużycie na produkcję","Dok. ogółem : 3 986 UVC + 658.723 KG","18 713.71","rptNETWSKM003.rpt - GALECPOLOG PL94 (pl94botwinam)",".../...","rptNETWSKM003.rpt - GALECPOLOG PL94 (pl94botwinam)","Wydruk zakończony 09/06/25 o 14:25"
"JAROSLAWDIS","Prot. nr 351 du  31/05/25 ","PROTOK. PRZEKAZANIA","Zaimport dok Express Drive","Dok utworz. przez transfer danych","Zaimport. dok GRAP","Strona 1/1",09/06/25,"Dostawca","Artykuł","il.","CZF Netto","CS BRUT","Wartoć","Wartoć","VAT","Kod","(Ref wytwórcy)","Kod","EAN/PLU","Zestaw","(SZT)","CZF Netto","CS BRUT","Powód","Dzial 0101 SPOZYWCZY SLODKI : 32 UVC","(c.d.)","197.60","251.28","BZOMEX Sp. z o.o. Sp. k.","SANT CRUNCH PŁAT NIAD 350G KLA","2","4.84","7.99","9.68","15.98","09","5%00","6812056608","(P-1-SANTE  -2129)","3846912","5900617002228",,,,,"Zużycie na produkcję","Dok. ogółem : 3 986 UVC + 658.723 KG","18 713.71","rptNETWSKM003.rpt - GALECPOLOG PL94 (pl94botwinam)",".../...","rptNETWSKM003.rpt - GALECPOLOG PL94 (pl94botwinam)","Wydruk zakończony 09/06/25 o 14:25"
"JAROSLAWDIS","Prot. nr 351 du  31/05/25 ","PROTOK. PRZEKAZANIA","Zaimport dok Express Drive","Dok utworz. przez transfer danych","Zaimport. dok GRAP","Strona 1/1",09/06/25,"Dostawca","Artykuł","il.","CZF Netto","CS BRUT","Wartoć","Wartoć","VAT","Kod","(Ref wytwórcy)","Kod","EAN/PLU","Zestaw","(SZT)","CZF Netto","CS BRUT","Powód","Dzial 0101 SPOZYWCZY SLODKI : 32 UVC","(c.d.)","197.60","251.28","BZOMEX Sp. z o.o. Sp. k.","DELEC POSYP 30G SM OWOCOWY","2","1.9832","2.69","3.97","5.38","13","23%00","6812056608","(25040)","3837200","5900983019929",,,,,"Zużycie na produkcję","Dok. ogółem : 3 986 UVC + 658.723 KG","18 713.71","rptNETWSKM003.rpt - GALECPOLOG PL94 (pl94botwinam)",".../...","rptNETWSKM003.rpt - GALECPOLOG PL94 (pl94botwinam)","Wydruk zakończony 09/06/25 o 14:25"
"JAROSLAWDIS","Prot. nr 351 du  31/05/25 ","PROTOK. PRZEKAZANIA","Zaimport dok Express Drive","Dok utworz. przez transfer danych","Zaimport. dok GRAP","Strona 1/1",09/06/25,"Dostawca","Artykuł","il.","CZF Netto","CS BRUT","Wartoć","Wartoć","VAT","Kod","(Ref wytwórcy)","Kod","EAN/PLU","Zestaw","(SZT)","CZF Netto","CS BRUT","Powód","Dzial 0102 SPOŻYWCZY SŁONY : 73 UVC","(c.d.)","391.54","516.27","PRYMAT Sp. z o.o.","PRYM GRILL PRZYPR 20G ZIOŁOWA","3","1.2098","1.49","3.63","4.47","12","8%00","6332014478",,"4573192","5901135014847",,,,,"Zużycie na produkcję","Dok. ogółem : 3 986 UVC + 658.723 KG","18 713.71","rptNETWSKM003.rpt - GALECPOLOG PL94 (pl94botwinam)",".../...","rptNETWSKM003.rpt - GALECPOLOG PL94 (pl94botwinam)","Wydruk zakończony 09/06/25 o 14:25"
"JAROSLAWDIS","Prot. nr 351 du  31/05/25 ","PROTOK. PRZEKAZANIA","Zaimport dok Express Drive","Dok utworz. przez transfer danych","Zaimport. dok GRAP","Strona 1/1",09/06/25,"Dostawca","Artykuł","il.","CZF Netto","CS BRUT","Wartoć","Wartoć","VAT","Kod","(Ref wytwórcy)","Kod","EAN/PLU","Zestaw","(SZT)","CZF Netto","CS BRUT","Powód","Dzial 0102 SPOŻYWCZY SŁONY : 73 UVC","(c.d.)","391.54","516.27","MW FOOD Sp. z o.o. Sp.k.","ŁOWICZ dżem malinowy280g","5","6.41","6.79","32.05","33.95","09","5%00","5512262007",,"3820727","5900397754492",,,,,"Zużycie na produkcję","Dok. ogółem : 3 986 UVC + 658.723 KG","18 713.71","rptNETWSKM003.rpt - GALECPOLOG PL94 (pl94botwinam)",".../...","rptNETWSKM003.rpt - GALECPOLOG PL94 (pl94botwinam)","Wydruk zakończony 09/06/25 o 14:25"
"JAROSLAWDIS","Prot. nr 351 du  31/05/25 ","PROTOK. PRZEKAZANIA","Zaimport dok Express Drive","Dok utworz. przez transfer danych","Zaimport. dok GRAP","Strona 1/1",09/06/25,"Dostawca","Artykuł","il.","CZF Netto","CS BRUT","Wartoć","Wartoć","VAT","Kod","(Ref wytwórcy)","Kod","EAN/PLU","Zestaw","(SZT)","CZF Netto","CS BRUT","Powód","Dzial 0102 SPOŻYWCZY SŁONY : 73 UVC","(c.d.)","391.54","516.27","JAROSŁAWDIS Spółka z ograniczon","PRYM GRILL PRZYPR 80G ZIOŁOWA","2","3.63","4.69","7.26","9.38","12","8%00","5252675059",,"4573150","5901135013246",,,,,"Zużycie na produkcję","Dok. ogółem : 3 986 UVC + 658.723 KG","18 713.71","rptNETWSKM003.rpt - GALECPOLOG PL94 (pl94botwinam)",".../...","rptNETWSKM003.rpt - GALECPOLOG PL94 (pl94botwinam)","Wydruk zakończony 09/06/25 o 14:25"
"JAROSLAWDIS","Prot. nr 351 du  31/05/25 ","PROTOK. PRZEKAZANIA","Zaimport dok Express Drive","Dok utworz. przez transfer danych","Zaimport. dok GRAP","Strona 1/1",09/06/25,"Dostawca","Artykuł","il.","CZF Netto","CS BRUT","Wartoć","Wartoć","VAT","Kod","(Ref wytwórcy)","Kod","EAN/PLU","Zestaw","(SZT)","CZF Netto","CS BRUT","Powód","Dzial 0102 SPOŻYWCZY SŁONY : 73 UVC","(c.d.)","391.54","516.27","MGB BOGUSŁAW RUTKOWSKI","ROLN KUKURYDZA 340G KONSERWOWA","2","3.7046","5.19","7.41","10.38","09","5%00","1130984426",,"4696738","5900919000298",,,,,"Zużycie na produkcję","Dok. ogółem : 3 986 UVC + 658.723 KG","18 713.71","rptNETWSKM003.rpt - GALECPOLOG PL94 (pl94botwinam)",".../...","rptNETWSKM003.rpt - GALECPOLOG PL94 (pl94botwinam)","Wydruk zakończony 09/06/25 o 14:25"
"JAROSLAWDIS","Prot. nr 351 du  31/05/25 ","PROTOK. PRZEKAZANIA","Zaimport dok Express Drive","Dok utworz. przez transfer danych","Zaimport. dok GRAP","Strona 1/1",09/06/25,"Dostawca","Artykuł","il.","CZF Netto","CS BRUT","Wartoć","Wartoć","VAT","Kod","(Ref wytwórcy)","Kod","EAN/PLU","Zestaw","(SZT)","CZF Netto","CS BRUT","Powód","Dzial 0102 SPOŻYWCZY SŁONY : 73 UVC","(c.d.)","391.54","516.27","SCAWAR Sp. z o.o.","CO OGÓRKI KWASZONE 830G PASTER","1","4.80","6.99","4.80","6.99","09","5%00","5222574715",,"4697736","5907637327461",,,,,"Zużycie na produkcję","Dok. ogółem : 3 986 UVC + 658.723 KG","18 713.71","rptNETWSKM003.rpt - GALECPOLOG PL94 (pl94botwinam)",".../...","rptNETWSKM003.rpt - GALECPOLOG PL94 (pl94botwinam)","Wydruk zakończony 09/06/25 o 14:25"
"JAROSLAWDIS","Prot. nr 351 du  31/05/25 ","PROTOK. PRZEKAZANIA","Zaimport dok Express Drive","Dok utworz. przez transfer danych","Zaimport. dok GRAP","Strona 1/1",09/06/25,"Dostawca","Artykuł","il.","CZF Netto","CS BRUT","Wartoć","Wartoć","VAT","Kod","(Ref wytwórcy)","Kod","EAN/PLU","Zestaw","(SZT)","CZF Netto","CS BRUT","Powód","Dzial 0102 SPOŻYWCZY SŁONY : 73 UVC","(c.d.)","391.54","516.27","PRYMAT Sp. z o.o.","PRYM PRZYPR 70G XL D/KURCZAKA","4","2.3864","3.19","9.55","12.76","12","8%00","6332014478",,"4571600","5901135015233",,,,,"Zużycie na produkcję","Dok. ogółem : 3 986 UVC + 658.723 KG","18 713.71","rptNETWSKM003.rpt - GALECPOLOG PL94 (pl94botwinam)",".../...","rptNETWSKM003.rpt - GALECPOLOG PL94 (pl94botwinam)","Wydruk zakończony 09/06/25 o 14:25"
"JAROSLAWDIS","Prot. nr 351 du  31/05/25 ","PROTOK. PRZEKAZANIA","Zaimport dok Express Drive","Dok utworz. przez transfer danych","Zaimport. dok GRAP","Strona 1/1",09/06/25,"Dostawca","Artykuł","il.","CZF Netto","CS BRUT","Wartoć","Wartoć","VAT","Kod","(Ref wytwórcy)","Kod","EAN/PLU","Zestaw","(SZT)","CZF Netto","CS BRUT","Powód","Dzial 0102 SPOŻYWCZY SŁONY : 73 UVC","(c.d.)","391.54","516.27","TARSMAK Gondek i Wspólnicy spół","TARS SOS 450G TATARSKI","6","5.62","8.99","33.72","53.94","12","8%00","8711003184",,"4254249","5906055118187",,,,,"Zużycie na produkcję","Dok. ogółem : 3 986 UVC + 658.723 KG","18 713.71","rptNETWSKM003.rpt - GALECPOLOG PL94 (pl94botwinam)",".../...","rptNETWSKM003.rpt - GALECPOLOG PL94 (pl94botwinam)","Wydruk zakończony 09/06/25 o 14:25"
"JAROSLAWDIS","Prot. nr 351 du  31/05/25 ","PROTOK. PRZEKAZANIA","Zaimport dok Express Drive","Dok utworz. przez transfer danych","Zaimport. dok GRAP","Strona 1/1",09/06/25,"Dostawca","Artykuł","il.","CZF Netto","CS BRUT","Wartoć","Wartoć","VAT","Kod","(Ref wytwórcy)","Kod","EAN/PLU","Zestaw","(SZT)","CZF Netto","CS BRUT","Powód","Dzial 0102 SPOŻYWCZY SŁONY : 73 UVC","(c.d.)","391.54","516.27","JAROSŁAWDIS Spółka z ograniczon","DEVE SOS 400G TATARSKI","7","6.4458","7.69","45.12","53.83","12","8%00","5252675059",,"4576864","5906425140985",,,,,"Zużycie na produkcję","Dok. ogółem : 3 986 UVC + 658.723 KG","18 713.71","rptNETWSKM003.rpt - GALECPOLOG PL94 (pl94botwinam)",".../...","rptNETWSKM003.rpt - GALECPOLOG PL94 (pl94botwinam)","Wydruk zakończony 09/06/25 o 14:25"
"JAROSLAWDIS","Prot. nr 351 du  31/05/25 ","PROTOK. PRZEKAZANIA","Zaimport dok Express Drive","Dok utworz. przez transfer danych","Zaimport. dok GRAP","Strona 1/1",09/06/25,"Dostawca","Artykuł","il.","CZF Netto","CS BRUT","Wartoć","Wartoć","VAT","Kod","(Ref wytwórcy)","Kod","EAN/PLU","Zestaw","(SZT)","CZF Netto","CS BRUT","Powód","Dzial 0102 SPOŻYWCZY SŁONY : 73 UVC","(c.d.)","391.54","516.27","DE CARE Group Spółka z ogranicz","ASIA SOS 625ML SOJOWY CIEMNY","1","10.25","12.99","10.25","12.99","12","8%00","1180032372",,"4882510","5904358552530",,,,,"Zużycie na produkcję","Dok. ogółem : 3 986 UVC + 658.723 KG","18 713.71","rptNETWSKM003.rpt - GALECPOLOG PL94 (pl94botwinam)",".../...","rptNETWSKM003.rpt - GALECPOLOG PL94 (pl94botwinam)","Wydruk zakończony 09/06/25 o 14:25"
"JAROSLAWDIS","Prot. nr 351 du  31/05/25 ","PROTOK. PRZEKAZANIA","Zaimport dok Express Drive","Dok utworz. przez transfer danych","Zaimport. dok GRAP","Strona 1/1",09/06/25,"Dostawca","Artykuł","il.","CZF Netto","CS BRUT","Wartoć","Wartoć","VAT","Kod","(Ref wytwórcy)","Kod","EAN/PLU","Zestaw","(SZT)","CZF Netto","CS BRUT","Powód","Dzial 0102 SPOŻYWCZY SŁONY : 73 UVC","(c.d.)","391.54","516.27","SCAWAR Sp. z o.o.","WIELK OLEJ RZEPAK 1L","1","6.3331","8.99","6.33","8.99","09","5%00","5222574715",,"4582979","5903264000555",,,,,"Zużycie na produkcję","Dok. ogółem : 3 986 UVC + 658.723 KG","18 713.71","rptNETWSKM003.rpt - GALECPOLOG PL94 (pl94botwinam)",".../...","rptNETWSKM003.rpt - GALECPOLOG PL94 (pl94botwinam)","Wydruk zakończony 09/06/25 o 14:25"
"JAROSLAWDIS","Prot. nr 351 du  31/05/25 ","PROTOK. PRZEKAZANIA","Zaimport dok Express Drive","Dok utworz. przez transfer danych","Zaimport. dok GRAP","Strona 1/1",09/06/25,"Dostawca","Artykuł","il.","CZF Netto","CS BRUT","Wartoć","Wartoć","VAT","Kod","(Ref wytwórcy)","Kod","EAN/PLU","Zestaw","(SZT)","CZF Netto","CS BRUT","Powód","Dzial 0102 SPOŻYWCZY SŁONY : 73 UVC","(c.d.)","391.54","516.27","P.P.H.U. Specjał Sp.z o.o.","DAWT KUKURYDZA 400G W ZALEWIE","7","3.1907","3.99","22.33","27.93","09","5%00","5170199121",,"4696720","5901713001795",,,,,"Zużycie na produkcję","Dok. ogółem : 3 986 UVC + 658.723 KG","18 713.71","rptNETWSKM003.rpt - GALECPOLOG PL94 (pl94botwinam)",".../...","rptNETWSKM003.rpt - GALECPOLOG PL94 (pl94botwinam)","Wydruk zakończony 09/06/25 o 14:25"
"JAROSLAWDIS","Prot. nr 351 du  31/05/25 ","PROTOK. PRZEKAZANIA","Zaimport dok Express Drive","Dok utworz. przez transfer danych","Zaimport. dok GRAP","Strona 1/1",09/06/25,"Dostawca","Artykuł","il.","CZF Netto","CS BRUT","Wartoć","Wartoć","VAT","Kod","(Ref wytwórcy)","Kod","EAN/PLU","Zestaw","(SZT)","CZF Netto","CS BRUT","Powód","Dzial 0102 SPOŻYWCZY SŁONY : 73 UVC","(c.d.)","391.54","516.27","TARSMAK Gondek i Wspólnicy spół","TARS SOS 900G CZOSNKOWY","9","9.1355","11.99","82.22","107.91","12","8%00","8711003184",,"4254256","5906055112413",,,,,"Zużycie na produkcję","Dok. ogółem : 3 986 UVC + 658.723 KG","18 713.71","rptNETWSKM003.rpt - GALECPOLOG PL94 (pl94botwinam)",".../...","rptNETWSKM003.rpt - GALECPOLOG PL94 (pl94botwinam)","Wydruk zakończony 09/06/25 o 14:25"
"JAROSLAWDIS","Prot. nr 351 du  31/05/25 ","PROTOK. PRZEKAZANIA","Zaimport dok Express Drive","Dok utworz. przez transfer danych","Zaimport. dok GRAP","Strona 1/1",09/06/25,"Dostawca","Artykuł","il.","CZF Netto","CS BRUT","Wartoć","Wartoć","VAT","Kod","(Ref wytwórcy)","Kod","EAN/PLU","Zestaw","(SZT)","CZF Netto","CS BRUT","Powód","Dzial 0102 SPOŻYWCZY SŁONY : 73 UVC","(c.d.)","391.54","516.27","ZPOW POLONAISE BARBARA MASTALERZ","Ogórki kiszone 850 / 540 g","1","6.98","8.99","6.98","8.99","09","5%00","8711621226",,"5232020","5900138042215",,,,,"Zużycie na produkcję","Dok. ogółem : 3 986 UVC + 658.723 KG","18 713.71","rptNETWSKM003.rpt - GALECPOLOG PL94 (pl94botwinam)",".../...","rptNETWSKM003.rpt - GALECPOLOG PL94 (pl94botwinam)","Wydruk zakończony 09/06/25 o 14:25"
"JAROSLAWDIS","Prot. nr 351 du  31/05/25 ","PROTOK. PRZEKAZANIA","Zaimport dok Express Drive","Dok utworz. przez transfer danych","Zaimport. dok GRAP","Strona 1/1",09/06/25,"Dostawca","Artykuł","il.","CZF Netto","CS BRUT","Wartoć","Wartoć","VAT","Kod","(Ref wytwórcy)","Kod","EAN/PLU","Zestaw","(SZT)","CZF Netto","CS BRUT","Powód","Dzial 0102 SPOŻYWCZY SŁONY : 73 UVC","(c.d.)","391.54","516.27","TARSMAK Gondek i Wspólnicy spół","TARS KETCHUP 1KG ŁAGODNY PREM","19","5.8204","7.99","110.59","151.81","12","8%00","8711003184",,"4574307","5906055000031",,,,,"Zużycie na produkcję","Dok. ogółem : 3 986 UVC + 658.723 KG","18 713.71","rptNETWSKM003.rpt - GALECPOLOG PL94 (pl94botwinam)",".../...","rptNETWSKM003.rpt - GALECPOLOG PL94 (pl94botwinam)","Wydruk zakończony 09/06/25 o 14:25"
"JAROSLAWDIS","Prot. nr 351 du  31/05/25 ","PROTOK. PRZEKAZANIA","Zaimport dok Express Drive","Dok utworz. przez transfer danych","Zaimport. dok GRAP","Strona 1/1",09/06/25,"Dostawca","Artykuł","il.","CZF Netto","CS BRUT","Wartoć","Wartoć","VAT","Kod","(Ref wytwórcy)","Kod","EAN/PLU","Zestaw","(SZT)","CZF Netto","CS BRUT","Powód","Dzial 0102 SPOŻYWCZY SŁONY : 73 UVC","(c.d.)","391.54","516.27","ROLNIK F.H. SP.J.","ROLN SAŁATKA 900ML SZWEDZKA","1","4.48","5.99","4.48","5.99","09","5%00","6350001345",,"4697561","5900919015247",,,,,"Zużycie na produkcję","Dok. ogółem : 3 986 UVC + 658.723 KG","18 713.71","rptNETWSKM003.rpt - GALECPOLOG PL94 (pl94botwinam)",".../...","rptNETWSKM003.rpt - GALECPOLOG PL94 (pl94botwinam)","Wydruk zakończony 09/06/25 o 14:25"
"JAROSLAWDIS","Prot. nr 351 du  31/05/25 ","PROTOK. PRZEKAZANIA","Zaimport dok Express Drive","Dok utworz. przez transfer danych","Zaimport. dok GRAP","Strona 1/1",09/06/25,"Dostawca","Artykuł","il.","CZF Netto","CS BRUT","Wartoć","Wartoć","VAT","Kod","(Ref wytwórcy)","Kod","EAN/PLU","Zestaw","(SZT)","CZF Netto","CS BRUT","Powód","Dzial 0102 SPOŻYWCZY SŁONY : 73 UVC","(c.d.)","391.54","516.27","BZOMEX Sp. z o.o. Sp. k.","KNORR SOS 8G SAŁAT FRANCUSKI","4","1.205","1.49","4.82","5.96","12","8%00","6812056608",,"4768966","8714100855294",,,,,"Zużycie na produkcję","Dok. ogółem : 3 986 UVC + 658.723 KG","18 713.71","rptNETWSKM003.rpt - GALECPOLOG PL94 (pl94botwinam)",".../...","rptNETWSKM003.rpt - GALECPOLOG PL94 (pl94botwinam)","Wydruk zakończony 09/06/25 o 14:25"
"JAROSLAWDIS","Prot. nr 351 du  31/05/25 ","PROTOK. PRZEKAZANIA","Zaimport dok Express Drive","Dok utworz. przez transfer danych","Zaimport. dok GRAP","Strona 1/1",09/06/25,"Dostawca","Artykuł","il.","CZF Netto","CS BRUT","Wartoć","Wartoć","VAT","Kod","(Ref wytwórcy)","Kod","EAN/PLU","Zestaw","(SZT)","CZF Netto","CS BRUT","Powód","Dzial 0103 NAPOJE : 2 UVC","(c.d.)","2.71","3.34","SAN BENEDETTO POLSKA SP. Z O.O.","PRIMAVERA WODA 1.5L NGAZ","2","1.3537","1.67","2.71","3.34","13","23%00","7251782073",,"3873023","5903978396548",,,,,"Zużycie na produkcję","Dok. ogółem : 3 986 UVC + 658.723 KG","18 713.71","rptNETWSKM003.rpt - GALECPOLOG PL94 (pl94botwinam)",".../...","rptNETWSKM003.rpt - GALECPOLOG PL94 (pl94botwinam)","Wydruk zakończony 09/06/25 o 14:25"
"JAROSLAWDIS","Prot. nr 351 du  31/05/25 ","PROTOK. PRZEKAZANIA","Zaimport dok Express Drive","Dok utworz. przez transfer danych","Zaimport. dok GRAP","Strona 1/1",09/06/25,"Dostawca","Artykuł","il.","CZF Netto","CS BRUT","Wartoć","Wartoć","VAT","Kod","(Ref wytwórcy)","Kod","EAN/PLU","Zestaw","(SZT)","CZF Netto","CS BRUT","Powód","Dzial 0105 DROGERIA : 4 UVC","(c.d.)","22.58","35.96","SCAWAR Sp. z o.o.","WIND+ PŁYN D/SZYB 750ML OCE ROZ","2","3.738","5.99","7.48","11.98","13","23%00","5222574715","(31500171)","3676848","5901474003076",,,,,"Zużycie na produkcję","Dok. ogółem : 3 986 UVC + 658.723 KG","18 713.71","rptNETWSKM003.rpt - GALECPOLOG PL94 (pl94botwinam)",".../...","rptNETWSKM003.rpt - GALECPOLOG PL94 (pl94botwinam)","Wydruk zakończony 09/06/25 o 14:25"
"JAROSLAWDIS","Prot. nr 351 du  31/05/25 ","PROTOK. PRZEKAZANIA","Zaimport dok Express Drive","Dok utworz. przez transfer danych","Zaimport. dok GRAP","Strona 1/1",09/06/25,"Dostawca","Artykuł","il.","CZF Netto","CS BRUT","Wartoć","Wartoć","VAT","Kod","(Ref wytwórcy)","Kod","EAN/PLU","Zestaw","(SZT)","CZF Netto","CS BRUT","Powód","Dzial 0105 DROGERIA : 4 UVC","(c.d.)","22.58","35.96","NAVIGATOR","FAIRY PŁYN 900ML APPLE","2","7.5495","11.99","15.10","23.98","13","23%00","5242840114",,"3677366","4015400958055",,,,,"Zużycie na produkcję","Dok. ogółem : 3 986 UVC + 658.723 KG","18 713.71","rptNETWSKM003.rpt - GALECPOLOG PL94 (pl94botwinam)",".../...","rptNETWSKM003.rpt - GALECPOLOG PL94 (pl94botwinam)","Wydruk zakończony 09/06/25 o 14:25"
"JAROSLAWDIS","Prot. nr 351 du  31/05/25 ","PROTOK. PRZEKAZANIA","Zaimport dok Express Drive","Dok utworz. przez transfer danych","Zaimport. dok GRAP","Strona 1/1",09/06/25,"Dostawca","Artykuł","il.","CZF Netto","CS BRUT","Wartoć","Wartoć","VAT","Kod","(Ref wytwórcy)","Kod","EAN/PLU","Zestaw","(SZT)","CZF Netto","CS BRUT","Powód","Dzial 0201 MIĘSO : 2.834 KG","(c.d.)","0.03","92.83","JAROSŁAWDIS Spółka z ograniczon","RZEZNIK SMALEC ZE SKWARKAMI","0.666","0.01","31.99","0.01","21.31","09","5%00","5252675059",,"3970977","2201101000000",,"KG","le KG","le KG","Zużycie na produkcję","Dok. ogółem : 3 986 UVC + 658.723 KG","18 713.71","rptNETWSKM003.rpt - GALECPOLOG PL94 (pl94botwinam)",".../...","rptNETWSKM003.rpt - GALECPOLOG PL94 (pl94botwinam)","Wydruk zakończony 09/06/25 o 14:25"
"JAROSLAWDIS","Prot. nr 351 du  31/05/25 ","PROTOK. PRZEKAZANIA","Zaimport dok Express Drive","Dok utworz. przez transfer danych","Zaimport. dok GRAP","Strona 1/1",09/06/25,"Dostawca","Artykuł","il.","CZF Netto","CS BRUT","Wartoć","Wartoć","VAT","Kod","(Ref wytwórcy)","Kod","EAN/PLU","Zestaw","(SZT)","CZF Netto","CS BRUT","Powód","Dzial 0201 MIĘSO : 2.834 KG","(c.d.)","0.03","92.83","JAROSŁAWDIS Spółka z ograniczon","RZEZ.PACHWINA WEDZ","2.168","0.01","32.99","0.02","71.52","09","5%00","5252675059",,"4097986","2201159000000",,"KG","le KG","le KG","Zużycie na produkcję","Dok. ogółem : 3 986 UVC + 658.723 KG","18 713.71","rptNETWSKM003.rpt - GALECPOLOG PL94 (pl94botwinam)",".../...","rptNETWSKM003.rpt - GALECPOLOG PL94 (pl94botwinam)","Wydruk zakończony 09/06/25 o 14:25"
"JAROSLAWDIS","Prot. nr 351 du  31/05/25 ","PROTOK. PRZEKAZANIA","Zaimport dok Express Drive","Dok utworz. przez transfer danych","Zaimport. dok GRAP","Strona 1/1",09/06/25,"Dostawca","Artykuł","il.","CZF Netto","CS BRUT","Wartoć","Wartoć","VAT","Kod","(Ref wytwórcy)","Kod","EAN/PLU","Zestaw","(SZT)","CZF Netto","CS BRUT","Powód","Dzial 0203 WĘDLINY SAMOOBSŁUGA : 7 UVC","(c.d.)","38.30","51.43","SCAWAR Sp. z o.o.","KRA PARÓWKI 230G WIEDEŃSKIE","2","7.40","9.49","14.80","18.98","09","5%00","5222574715","(4023824)","4471389","5902659896865",,,,,"Zużycie na produkcję","Dok. ogółem : 3 986 UVC + 658.723 KG","18 713.71","rptNETWSKM003.rpt - GALECPOLOG PL94 (pl94botwinam)",".../...","rptNETWSKM003.rpt - GALECPOLOG PL94 (pl94botwinam)","Wydruk zakończony 09/06/25 o 14:25"
"JAROSLAWDIS","Prot. nr 351 du  31/05/25 ","PROTOK. PRZEKAZANIA","Zaimport dok Express Drive","Dok utworz. przez transfer danych","Zaimport. dok GRAP","Strona 1/1",09/06/25,"Dostawca","Artykuł","il.","CZF Netto","CS BRUT","Wartoć","Wartoć","VAT","Kod","(Ref wytwórcy)","Kod","EAN/PLU","Zestaw","(SZT)","CZF Netto","CS BRUT","Powód","Dzial 0203 WĘDLINY SAMOOBSŁUGA : 7 UVC","(c.d.)","38.30","51.43","ANIMEX FOODS SP. Z O.O.","KRA PARÓWKI 200G Z SZYNKI","5","4.70","6.49","23.50","32.45","09","5%00","4512728","(4027354)","4487773","5900567012339",,,,,"Zużycie na produkcję","Dok. ogółem : 3 986 UVC + 658.723 KG","18 713.71","rptNETWSKM003.rpt - GALECPOLOG PL94 (pl94botwinam)",".../...","rptNETWSKM003.rpt - GALECPOLOG PL94 (pl94botwinam)","Wydruk zakończony 09/06/25 o 14:25"
"JAROSLAWDIS","Prot. nr 351 du  31/05/25 ","PROTOK. PRZEKAZANIA","Zaimport dok Express Drive","Dok utworz. przez transfer danych","Zaimport. dok GRAP","Strona 1/1",09/06/25,"Dostawca","Artykuł","il.","CZF Netto","CS BRUT","Wartoć","Wartoć","VAT","Kod","(Ref wytwórcy)","Kod","EAN/PLU","Zestaw","(SZT)","CZF Netto","CS BRUT","Powód","Dzial 0204 WĘDLINY Z OBSŁUGĽ : 75.032 KG","(c.d.)","1 908.29","2 910.80","ANIMEX FOODS","KRAKUS SZYNKA KONSERWOWA","1.876","25.4435","39.99","47.73","75.02","09","5%00","5272698951",,"4798856","2905791000000",,"KG","le KG","le KG","Zużycie na produkcję","Dok. ogółem : 3 986 UVC + 658.723 KG","18 713.71","rptNETWSKM003.rpt - GALECPOLOG PL94 (pl94botwinam)",".../...","rptNETWSKM003.rpt - GALECPOLOG PL94 (pl94botwinam)","Wydruk zakończony 09/06/25 o 14:25"
"JAROSLAWDIS","Prot. nr 351 du  31/05/25 ","PROTOK. PRZEKAZANIA","Zaimport dok Express Drive","Dok utworz. przez transfer danych","Zaimport. dok GRAP","Strona 1/1",09/06/25,"Dostawca","Artykuł","il.","CZF Netto","CS BRUT","Wartoć","Wartoć","VAT","Kod","(Ref wytwórcy)","Kod","EAN/PLU","Zestaw","(SZT)","CZF Netto","CS BRUT","Powód","Dzial 0204 WĘDLINY Z OBSŁUGĽ : 75.032 KG","(c.d.)","1 908.29","2 910.80","JAROSŁAWDIS Spółka z ograniczon","ALBO SMALEC Z MIESEM","0.342","21.00","31.99","7.18","10.94","09","5%00","5252675059",,"4247920","2909862000000",,"KG","le KG","le KG","Zużycie na produkcję","Dok. ogółem : 3 986 UVC + 658.723 KG","18 713.71","rptNETWSKM003.rpt - GALECPOLOG PL94 (pl94botwinam)",".../...","rptNETWSKM003.rpt - GALECPOLOG PL94 (pl94botwinam)","Wydruk zakończony 09/06/25 o 14:25"
"JAROSLAWDIS","Prot. nr 351 du  31/05/25 ","PROTOK. PRZEKAZANIA","Zaimport dok Express Drive","Dok utworz. przez transfer danych","Zaimport. dok GRAP","Strona 1/1",09/06/25,"Dostawca","Artykuł","il.","CZF Netto","CS BRUT","Wartoć","Wartoć","VAT","Kod","(Ref wytwórcy)","Kod","EAN/PLU","Zestaw","(SZT)","CZF Netto","CS BRUT","Powód","Dzial 0204 WĘDLINY Z OBSŁUGĽ : 75.032 KG","(c.d.)","1 908.29","2 910.80","JAROSŁAWDIS Spółka z ograniczon","NIK-POL KIEL. PRADAWNA","7.148","25.31","37.99","180.92","271.55","09","5%00","5252675059",,"4281788","2907875000000",,"KG","le KG","le KG","Zużycie na produkcję","Dok. ogółem : 3 986 UVC + 658.723 KG","18 713.71","rptNETWSKM003.rpt - GALECPOLOG PL94 (pl94botwinam)",".../...","rptNETWSKM003.rpt - GALECPOLOG PL94 (pl94botwinam)","Wydruk zakończony 09/06/25 o 14:25"
"JAROSLAWDIS","Prot. nr 351 du  31/05/25 ","PROTOK. PRZEKAZANIA","Zaimport dok Express Drive","Dok utworz. przez transfer danych","Zaimport. dok GRAP","Strona 1/1",09/06/25,"Dostawca","Artykuł","il.","CZF Netto","CS BRUT","Wartoć","Wartoć","VAT","Kod","(Ref wytwórcy)","Kod","EAN/PLU","Zestaw","(SZT)","CZF Netto","CS BRUT","Powód","Dzial 0204 WĘDLINY Z OBSŁUGĽ : 75.032 KG","(c.d.)","1 908.29","2 910.80","JAROSŁAWDIS Spółka z ograniczon","JBB SZYNKA 11.5KG SOŁTYSÓWKA","2.782","29.0028","51.99","80.69","144.64","09","5%00","5252675059","(256616)","4627881","2918441000000",,"KG","le KG","le KG","Zużycie na produkcję","Dok. ogółem : 3 986 UVC + 658.723 KG","18 713.71","rptNETWSKM003.rpt - GALECPOLOG PL94 (pl94botwinam)",".../...","rptNETWSKM003.rpt - GALECPOLOG PL94 (pl94botwinam)","Wydruk zakończony 09/06/25 o 14:25"
"JAROSLAWDIS","Prot. nr 351 du  31/05/25 ","PROTOK. PRZEKAZANIA","Zaimport dok Express Drive","Dok utworz. przez transfer danych","Zaimport. dok GRAP","Strona 1/1",09/06/25,"Dostawca","Artykuł","il.","CZF Netto","CS BRUT","Wartoć","Wartoć","VAT","Kod","(Ref wytwórcy)","Kod","EAN/PLU","Zestaw","(SZT)","CZF Netto","CS BRUT","Powód","Dzial 0204 WĘDLINY Z OBSŁUGĽ : 75.032 KG","(c.d.)","1 908.29","2 910.80","JAROSŁAWDIS Spółka z ograniczon","OLE SZYNKA 12KG WĘDZARZA","3.582","29.99","43.99","107.42","157.57","09","5%00","5252675059","(1263)","4588380","2903817000000",,"KG","le KG","le KG","Zużycie na produkcję","Dok. ogółem : 3 986 UVC + 658.723 KG","18 713.71","rptNETWSKM003.rpt - GALECPOLOG PL94 (pl94botwinam)",".../...","rptNETWSKM003.rpt - GALECPOLOG PL94 (pl94botwinam)","Wydruk zakończony 09/06/25 o 14:25"
"JAROSLAWDIS","Prot. nr 351 du  31/05/25 ","PROTOK. PRZEKAZANIA","Zaimport dok Express Drive","Dok utworz. przez transfer danych","Zaimport. dok GRAP","Strona 1/1",09/06/25,"Dostawca","Artykuł","il.","CZF Netto","CS BRUT","Wartoć","Wartoć","VAT","Kod","(Ref wytwórcy)","Kod","EAN/PLU","Zestaw","(SZT)","CZF Netto","CS BRUT","Powód","Dzial 0204 WĘDLINY Z OBSŁUGĽ : 75.032 KG","(c.d.)","1 908.29","2 910.80","''TOMAR'' HURTOWNIA WĘDLINTOMA","NIK-POL KIEL.STARODAWNA","2.384","25.31","37.99","60.34","90.57","09","5%00","9222976976",,"4083978","2907878000000",,"KG","le KG","le KG","Zużycie na produkcję","Dok. ogółem : 3 986 UVC + 658.723 KG","18 713.71","rptNETWSKM003.rpt - GALECPOLOG PL94 (pl94botwinam)",".../...","rptNETWSKM003.rpt - GALECPOLOG PL94 (pl94botwinam)","Wydruk zakończony 09/06/25 o 14:25"
"JAROSLAWDIS","Prot. nr 351 du  31/05/25 ","PROTOK. PRZEKAZANIA","Zaimport dok Express Drive","Dok utworz. przez transfer danych","Zaimport. dok GRAP","Strona 1/1",09/06/25,"Dostawca","Artykuł","il.","CZF Netto","CS BRUT","Wartoć","Wartoć","VAT","Kod","(Ref wytwórcy)","Kod","EAN/PLU","Zestaw","(SZT)","CZF Netto","CS BRUT","Powód","Dzial 0204 WĘDLINY Z OBSŁUGĽ : 75.032 KG","(c.d.)","1 908.29","2 910.80","JAROSŁAWDIS Spółka z ograniczon","INDY PASZTET INDYKPO 4KG","1.194","12.49","18.99","14.91","22.67","09","5%00","5252675059","(2659)","4628707","2904930000000",,"KG","le KG","le KG","Zużycie na produkcję","Dok. ogółem : 3 986 UVC + 658.723 KG","18 713.71","rptNETWSKM003.rpt - GALECPOLOG PL94 (pl94botwinam)",".../...","rptNETWSKM003.rpt - GALECPOLOG PL94 (pl94botwinam)","Wydruk zakończony 09/06/25 o 14:25"
"JAROSLAWDIS","Prot. nr 351 du  31/05/25 ","PROTOK. PRZEKAZANIA","Zaimport dok Express Drive","Dok utworz. przez transfer danych","Zaimport. dok GRAP","Strona 1/1",09/06/25,"Dostawca","Artykuł","il.","CZF Netto","CS BRUT","Wartoć","Wartoć","VAT","Kod","(Ref wytwórcy)","Kod","EAN/PLU","Zestaw","(SZT)","CZF Netto","CS BRUT","Powód","Dzial 0204 WĘDLINY Z OBSŁUGĽ : 75.032 KG","(c.d.)","1 908.29","2 910.80","GOBARTO S.A.","TARCZ SZYNKA KONSERWOWA WIEPRZ","1.070","24.99","39.99","26.74","42.79","09","5%00","6991781489",,"4818035","2906840000000",,"KG","le KG","le KG","Zużycie na produkcję","Dok. ogółem : 3 986 UVC + 658.723 KG","18 713.71","rptNETWSKM003.rpt - GALECPOLOG PL94 (pl94botwinam)",".../...","rptNETWSKM003.rpt - GALECPOLOG PL94 (pl94botwinam)","Wydruk zakończony 09/06/25 o 14:25"
"JAROSLAWDIS","Prot. nr 351 du  31/05/25 ","PROTOK. PRZEKAZANIA","Zaimport dok Express Drive","Dok utworz. przez transfer danych","Zaimport. dok GRAP","Strona 1/1",09/06/25,"Dostawca","Artykuł","il.","CZF Netto","CS BRUT","Wartoć","Wartoć","VAT","Kod","(Ref wytwórcy)","Kod","EAN/PLU","Zestaw","(SZT)","CZF Netto","CS BRUT","Powód","Dzial 0204 WĘDLINY Z OBSŁUGĽ : 75.032 KG","(c.d.)","1 908.29","2 910.80","JAROSŁAWDIS Spółka z ograniczon","PASZTET JEREMIEGO PAMSO","0.272","28.99","43.99","7.89","11.97","09","5%00","5252675059",,"4077012","2917132000000",,"KG","le KG","le KG","Zużycie na produkcję","Dok. ogółem : 3 986 UVC + 658.723 KG","18 713.71","rptNETWSKM003.rpt - GALECPOLOG PL94 (pl94botwinam)",".../...","rptNETWSKM003.rpt - GALECPOLOG PL94 (pl94botwinam)","Wydruk zakończony 09/06/25 o 14:25"
"JAROSLAWDIS","Prot. nr 351 du  31/05/25 ","PROTOK. PRZEKAZANIA","Zaimport dok Express Drive","Dok utworz. przez transfer danych","Zaimport. dok GRAP","Strona 1/1",09/06/25,"Dostawca","Artykuł","il.","CZF Netto","CS BRUT","Wartoć","Wartoć","VAT","Kod","(Ref wytwórcy)","Kod","EAN/PLU","Zestaw","(SZT)","CZF Netto","CS BRUT","Powód","Dzial 0204 WĘDLINY Z OBSŁUGĽ : 75.032 KG","(c.d.)","1 908.29","2 910.80","DR.OETKER POLSKA SP. Z O.O.","SOK NASZE PARÓWKI 8.4KG","4.092","13.9784","20.99","57.20","85.89","09","5%00","5840201571","(91415595)","4588703","2906219000000",,"KG","le KG","le KG","Zużycie na produkcję","Dok. ogółem : 3 986 UVC + 658.723 KG","18 713.71","rptNETWSKM003.rpt - GALECPOLOG PL94 (pl94botwinam)",".../...","rptNETWSKM003.rpt - GALECPOLOG PL94 (pl94botwinam)","Wydruk zakończony 09/06/25 o 14:25"
"JAROSLAWDIS","Prot. nr 351 du  31/05/25 ","PROTOK. PRZEKAZANIA","Zaimport dok Express Drive","Dok utworz. przez transfer danych","Zaimport. dok GRAP","Strona 1/1",09/06/25,"Dostawca","Artykuł","il.","CZF Netto","CS BRUT","Wartoć","Wartoć","VAT","Kod","(Ref wytwórcy)","Kod","EAN/PLU","Zestaw","(SZT)","CZF Netto","CS BRUT","Powód","Dzial 0204 WĘDLINY Z OBSŁUGĽ : 75.032 KG","(c.d.)","1 908.29","2 910.80","GOBARTO S.A.","NIK-POL KIEŁBASA PIECZONA","0.870","13.4978","17.99","11.74","15.65","09","5%00","6991781489",,"5251558","2988172000000",,"KG","le KG","le KG","Zużycie na produkcję","Dok. ogółem : 3 986 UVC + 658.723 KG","18 713.71","rptNETWSKM003.rpt - GALECPOLOG PL94 (pl94botwinam)",".../...","rptNETWSKM003.rpt - GALECPOLOG PL94 (pl94botwinam)","Wydruk zakończony 09/06/25 o 14:25"
"JAROSLAWDIS","Prot. nr 351 du  31/05/25 ","PROTOK. PRZEKAZANIA","Zaimport dok Express Drive","Dok utworz. przez transfer danych","Zaimport. dok GRAP","Strona 1/1",09/06/25,"Dostawca","Artykuł","il.","CZF Netto","CS BRUT","Wartoć","Wartoć","VAT","Kod","(Ref wytwórcy)","Kod","EAN/PLU","Zestaw","(SZT)","CZF Netto","CS BRUT","Powód","Dzial 0204 WĘDLINY Z OBSŁUGĽ : 75.032 KG","(c.d.)","1 908.29","2 910.80","JAROSŁAWDIS Spółka z ograniczon","TAURUS KIEL.Z CIELECINA","0.498","24.99","37.99","12.45","18.92","09","5%00","5252675059",,"4447009","2908283000000",,"KG","le KG","le KG","Zużycie na produkcję","Dok. ogółem : 3 986 UVC + 658.723 KG","18 713.71","rptNETWSKM003.rpt - GALECPOLOG PL94 (pl94botwinam)",".../...","rptNETWSKM003.rpt - GALECPOLOG PL94 (pl94botwinam)","Wydruk zakończony 09/06/25 o 14:25"
"JAROSLAWDIS","Prot. nr 351 du  31/05/25 ","PROTOK. PRZEKAZANIA","Zaimport dok Express Drive","Dok utworz. przez transfer danych","Zaimport. dok GRAP","Strona 1/1",09/06/25,"Dostawca","Artykuł","il.","CZF Netto","CS BRUT","Wartoć","Wartoć","VAT","Kod","(Ref wytwórcy)","Kod","EAN/PLU","Zestaw","(SZT)","CZF Netto","CS BRUT","Powód","Dzial 0204 WĘDLINY Z OBSŁUGĽ : 75.032 KG","(c.d.)","1 908.29","2 910.80","JAROSŁAWDIS Spółka z ograniczon","DOBR SALAMI ROGAL","0.506","38.79","58.99","19.63","29.85","09","5%00","5252675059",,"4588877","2905499000000",,"KG","le KG","le KG","Zużycie na produkcję","Dok. ogółem : 3 986 UVC + 658.723 KG","18 713.71","rptNETWSKM003.rpt - GALECPOLOG PL94 (pl94botwinam)",".../...","rptNETWSKM003.rpt - GALECPOLOG PL94 (pl94botwinam)","Wydruk zakończony 09/06/25 o 14:25"
"JAROSLAWDIS","Prot. nr 351 du  31/05/25 ","PROTOK. PRZEKAZANIA","Zaimport dok Express Drive","Dok utworz. przez transfer danych","Zaimport. dok GRAP","Strona 1/1",09/06/25,"Dostawca","Artykuł","il.","CZF Netto","CS BRUT","Wartoć","Wartoć","VAT","Kod","(Ref wytwórcy)","Kod","EAN/PLU","Zestaw","(SZT)","CZF Netto","CS BRUT","Powód","Dzial 0204 WĘDLINY Z OBSŁUGĽ : 75.032 KG","(c.d.)","1 908.29","2 910.80","JAROSŁAWDIS Spółka z ograniczon","HANDEREK BOCZEK PARZONY","2.788","26.9821","40.99","75.23","114.28","09","5%00","5252675059",,"4772505","2909359000000",,"KG","le KG","le KG","Zużycie na produkcję","Dok. ogółem : 3 986 UVC + 658.723 KG","18 713.71","rptNETWSKM003.rpt - GALECPOLOG PL94 (pl94botwinam)",".../...","rptNETWSKM003.rpt - GALECPOLOG PL94 (pl94botwinam)","Wydruk zakończony 09/06/25 o 14:25"
"JAROSLAWDIS","Prot. nr 351 du  31/05/25 ","PROTOK. PRZEKAZANIA","Zaimport dok Express Drive","Dok utworz. przez transfer danych","Zaimport. dok GRAP","Strona 1/1",09/06/25,"Dostawca","Artykuł","il.","CZF Netto","CS BRUT","Wartoć","Wartoć","VAT","Kod","(Ref wytwórcy)","Kod","EAN/PLU","Zestaw","(SZT)","CZF Netto","CS BRUT","Powód","Dzial 0204 WĘDLINY Z OBSŁUGĽ : 75.032 KG","(c.d.)","1 908.29","2 910.80","JAROSŁAWDIS Spółka z ograniczon","NIK-POL SZYNKA WIEJSKA","1.032","34.9699","52.99","36.09","54.69","09","5%00","5252675059",,"4803797","2903729000000",,"KG","le KG","le KG","Zużycie na produkcję","Dok. ogółem : 3 986 UVC + 658.723 KG","18 713.71","rptNETWSKM003.rpt - GALECPOLOG PL94 (pl94botwinam)",".../...","rptNETWSKM003.rpt - GALECPOLOG PL94 (pl94botwinam)","Wydruk zakończony 09/06/25 o 14:25"
"JAROSLAWDIS","Prot. nr 351 du  31/05/25 ","PROTOK. PRZEKAZANIA","Zaimport dok Express Drive","Dok utworz. przez transfer danych","Zaimport. dok GRAP","Strona 1/1",09/06/25,"Dostawca","Artykuł","il.","CZF Netto","CS BRUT","Wartoć","Wartoć","VAT","Kod","(Ref wytwórcy)","Kod","EAN/PLU","Zestaw","(SZT)","CZF Netto","CS BRUT","Powód","Dzial 0204 WĘDLINY Z OBSŁUGĽ : 75.032 KG","(c.d.)","1 908.29","2 910.80","SOKOŁÓW S.A.","SOK SZYNKA 16.5KG KONSERWOWA","5.328","24.88","38.99","132.56","207.74","09","5%00","8230001444","(91400149)","4798823","2901330000000",,"KG","le KG","le KG","Zużycie na produkcję","Dok. ogółem : 3 986 UVC + 658.723 KG","18 713.71","rptNETWSKM003.rpt - GALECPOLOG PL94 (pl94botwinam)",".../...","rptNETWSKM003.rpt - GALECPOLOG PL94 (pl94botwinam)","Wydruk zakończony 09/06/25 o 14:25"
"JAROSLAWDIS","Prot. nr 351 du  31/05/25 ","PROTOK. PRZEKAZANIA","Zaimport dok Express Drive","Dok utworz. przez transfer danych","Zaimport. dok GRAP","Strona 1/1",09/06/25,"Dostawca","Artykuł","il.","CZF Netto","CS BRUT","Wartoć","Wartoć","VAT","Kod","(Ref wytwórcy)","Kod","EAN/PLU","Zestaw","(SZT)","CZF Netto","CS BRUT","Powód","Dzial 0204 WĘDLINY Z OBSŁUGĽ : 75.032 KG","(c.d.)","1 908.29","2 910.80","JAROSŁAWDIS Spółka z ograniczon","SZYNKA NA KARTKI NIK-POL","12.854","28.20","42.99","362.48","552.59","09","5%00","5252675059",,"4188900","2918204000000",,"KG","le KG","le KG","Zużycie na produkcję","Dok. ogółem : 3 986 UVC + 658.723 KG","18 713.71","rptNETWSKM003.rpt - GALECPOLOG PL94 (pl94botwinam)",".../...","rptNETWSKM003.rpt - GALECPOLOG PL94 (pl94botwinam)","Wydruk zakończony 09/06/25 o 14:25"
"JAROSLAWDIS","Prot. nr 351 du  31/05/25 ","PROTOK. PRZEKAZANIA","Zaimport dok Express Drive","Dok utworz. przez transfer danych","Zaimport. dok GRAP","Strona 1/1",09/06/25,"Dostawca","Artykuł","il.","CZF Netto","CS BRUT","Wartoć","Wartoć","VAT","Kod","(Ref wytwórcy)","Kod","EAN/PLU","Zestaw","(SZT)","CZF Netto","CS BRUT","Powód","Dzial 0204 WĘDLINY Z OBSŁUGĽ : 75.032 KG","(c.d.)","1 908.29","2 910.80","JAROSŁAWDIS Spółka z ograniczon","NIK-POL SZYNKA WEDZARZA","26.414","25.2552","37.99","667.09","1 003.47","09","5%00","5252675059",,"5016225","2200003000000",,"KG","le KG","le KG","Zużycie na produkcję","Dok. ogółem : 3 986 UVC + 658.723 KG","18 713.71","rptNETWSKM003.rpt - GALECPOLOG PL94 (pl94botwinam)",".../...","rptNETWSKM003.rpt - GALECPOLOG PL94 (pl94botwinam)","Wydruk zakończony 09/06/25 o 14:25"
"JAROSLAWDIS","Prot. nr 351 du  31/05/25 ","PROTOK. PRZEKAZANIA","Zaimport dok Express Drive","Dok utworz. przez transfer danych","Zaimport. dok GRAP","Strona 1/1",09/06/25,"Dostawca","Artykuł","il.","CZF Netto","CS BRUT","Wartoć","Wartoć","VAT","Kod","(Ref wytwórcy)","Kod","EAN/PLU","Zestaw","(SZT)","CZF Netto","CS BRUT","Powód","Dzial 0206 GARMAŻ TRADYCYJNY : 282.689 KG","(c.d.)","1 159.31","2 853.37","JAROSŁAWDIS Spółka z ograniczon","KURCZAK ĆWIARTKA PIECZONA 8%","37.816","0.01","21.99","0.38","831.57","12","8%00","5252675059",,"4420493","2917204000000",,"KG","le KG","le KG","Zużycie na produkcję","Dok. ogółem : 3 986 UVC + 658.723 KG","18 713.71","rptNETWSKM003.rpt - GALECPOLOG PL94 (pl94botwinam)",".../...","rptNETWSKM003.rpt - GALECPOLOG PL94 (pl94botwinam)","Wydruk zakończony 09/06/25 o 14:25"
"JAROSLAWDIS","Prot. nr 351 du  31/05/25 ","PROTOK. PRZEKAZANIA","Zaimport dok Express Drive","Dok utworz. przez transfer danych","Zaimport. dok GRAP","Strona 1/1",09/06/25,"Dostawca","Artykuł","il.","CZF Netto","CS BRUT","Wartoć","Wartoć","VAT","Kod","(Ref wytwórcy)","Kod","EAN/PLU","Zestaw","(SZT)","CZF Netto","CS BRUT","Powód","Dzial 0206 GARMAŻ TRADYCYJNY : 282.689 KG","(c.d.)","1 159.31","2 853.37","JAROSŁAWDIS Spółka z ograniczon","FRYTKI","10.444","0.01","21.99","0.10","229.66","12","8%00","5252675059",,"5047204","2912345000000",,"KG","le KG","le KG","Zużycie na produkcję","Dok. ogółem : 3 986 UVC + 658.723 KG","18 713.71","rptNETWSKM003.rpt - GALECPOLOG PL94 (pl94botwinam)",".../...","rptNETWSKM003.rpt - GALECPOLOG PL94 (pl94botwinam)","Wydruk zakończony 09/06/25 o 14:25"
"JAROSLAWDIS","Prot. nr 351 du  31/05/25 ","PROTOK. PRZEKAZANIA","Zaimport dok Express Drive","Dok utworz. przez transfer danych","Zaimport. dok GRAP","Strona 1/1",09/06/25,"Dostawca","Artykuł","il.","CZF Netto","CS BRUT","Wartoć","Wartoć","VAT","Kod","(Ref wytwórcy)","Kod","EAN/PLU","Zestaw","(SZT)","CZF Netto","CS BRUT","Powód","Dzial 0206 GARMAŻ TRADYCYJNY : 282.689 KG","(c.d.)","1 159.31","2 853.37","GRUPA HANDLOWA MULTIBRAND SP Z","FARSZ PIECZARKOWY 8%","208.375","5.56","6.00","1 158.57","1 250.25","12","8%00","6772287996",,"4089777","2917364000000",,"KG","le KG","le KG","Zużycie na produkcję","Dok. ogółem : 3 986 UVC + 658.723 KG","18 713.71","rptNETWSKM003.rpt - GALECPOLOG PL94 (pl94botwinam)",".../...","rptNETWSKM003.rpt - GALECPOLOG PL94 (pl94botwinam)","Wydruk zakończony 09/06/25 o 14:25"
"JAROSLAWDIS","Prot. nr 351 du  31/05/25 ","PROTOK. PRZEKAZANIA","Zaimport dok Express Drive","Dok utworz. przez transfer danych","Zaimport. dok GRAP","Strona 1/1",09/06/25,"Dostawca","Artykuł","il.","CZF Netto","CS BRUT","Wartoć","Wartoć","VAT","Kod","(Ref wytwórcy)","Kod","EAN/PLU","Zestaw","(SZT)","CZF Netto","CS BRUT","Powód","Dzial 0206 GARMAŻ TRADYCYJNY : 282.689 KG","(c.d.)","1 159.31","2 853.37","JAROSŁAWDIS Spółka z ograniczon","NUGGETSY DOMOWE 8%","0.512","0.01","47.99","0.01","24.57","12","8%00","5252675059",,"3941358","2917280000000",,"KG","le KG","le KG","Zużycie na produkcję","Dok. ogółem : 3 986 UVC + 658.723 KG","18 713.71","rptNETWSKM003.rpt - GALECPOLOG PL94 (pl94botwinam)",".../...","rptNETWSKM003.rpt - GALECPOLOG PL94 (pl94botwinam)","Wydruk zakończony 09/06/25 o 14:25"
"JAROSLAWDIS","Prot. nr 351 du  31/05/25 ","PROTOK. PRZEKAZANIA","Zaimport dok Express Drive","Dok utworz. przez transfer danych","Zaimport. dok GRAP","Strona 1/1",09/06/25,"Dostawca","Artykuł","il.","CZF Netto","CS BRUT","Wartoć","Wartoć","VAT","Kod","(Ref wytwórcy)","Kod","EAN/PLU","Zestaw","(SZT)","CZF Netto","CS BRUT","Powód","Dzial 0206 GARMAŻ TRADYCYJNY : 282.689 KG","(c.d.)","1 159.31","2 853.37","JAROSŁAWDIS Spółka z ograniczon","JAJKA BISTRO","25.168","0.01","19.99","0.25","503.11","12","8%00","5252675059","(2205266000000)","5140819","2205266000000",,"KG","le KG","le KG","Zużycie na produkcję","Dok. ogółem : 3 986 UVC + 658.723 KG","18 713.71","rptNETWSKM003.rpt - GALECPOLOG PL94 (pl94botwinam)",".../...","rptNETWSKM003.rpt - GALECPOLOG PL94 (pl94botwinam)","Wydruk zakończony 09/06/25 o 14:25"
"JAROSLAWDIS","Prot. nr 351 du  31/05/25 ","PROTOK. PRZEKAZANIA","Zaimport dok Express Drive","Dok utworz. przez transfer danych","Zaimport. dok GRAP","Strona 1/1",09/06/25,"Dostawca","Artykuł","il.","CZF Netto","CS BRUT","Wartoć","Wartoć","VAT","Kod","(Ref wytwórcy)","Kod","EAN/PLU","Zestaw","(SZT)","CZF Netto","CS BRUT","Powód","Dzial 0206 GARMAŻ TRADYCYJNY : 282.689 KG","(c.d.)","1 159.31","2 853.37","JAROSŁAWDIS Spółka z ograniczon","SAŁATKA MIX 8%","0.374","0.01","37.99","0.00","14.21","12","8%00","5252675059",,"4252987","2917340000000",,"KG","le KG","le KG","Zużycie na produkcję","Dok. ogółem : 3 986 UVC + 658.723 KG","18 713.71","rptNETWSKM003.rpt - GALECPOLOG PL94 (pl94botwinam)",".../...","rptNETWSKM003.rpt - GALECPOLOG PL94 (pl94botwinam)","Wydruk zakończony 09/06/25 o 14:25"
"JAROSLAWDIS","Prot. nr 351 du  31/05/25 ","PROTOK. PRZEKAZANIA","Zaimport dok Express Drive","Dok utworz. przez transfer danych","Zaimport. dok GRAP","Strona 1/1",09/06/25,"Dostawca","Artykuł","il.","CZF Netto","CS BRUT","Wartoć","Wartoć","VAT","Kod","(Ref wytwórcy)","Kod","EAN/PLU","Zestaw","(SZT)","CZF Netto","CS BRUT","Powód","Dzial 0207 SERY KROJONE LUZ : 55.116 KG","(c.d.)","1 167.27","1 606.28","""WIDAMID"" Sp. z o.o.","WŁOSZCZOWA SER EDAMSKI","8.466","21.69","29.99","183.63","253.90","09","5%00","8151555361",,"4591970","2901045000000",,"KG","le KG","le KG","Zużycie na produkcję","Dok. ogółem : 3 986 UVC + 658.723 KG","18 713.71","rptNETWSKM003.rpt - GALECPOLOG PL94 (pl94botwinam)",".../...","rptNETWSKM003.rpt - GALECPOLOG PL94 (pl94botwinam)","Wydruk zakończony 09/06/25 o 14:25"
"JAROSLAWDIS","Prot. nr 351 du  31/05/25 ","PROTOK. PRZEKAZANIA","Zaimport dok Express Drive","Dok utworz. przez transfer danych","Zaimport. dok GRAP","Strona 1/1",09/06/25,"Dostawca","Artykuł","il.","CZF Netto","CS BRUT","Wartoć","Wartoć","VAT","Kod","(Ref wytwórcy)","Kod","EAN/PLU","Zestaw","(SZT)","CZF Netto","CS BRUT","Powód","Dzial 0207 SERY KROJONE LUZ : 55.116 KG","(c.d.)","1 167.27","1 606.28","""WIDAMID"" Sp. z o.o.","WŁOSZCZOWA SER GOUDA","46.650","21.0855","28.99","983.64","1 352.38","09","5%00","8151555361",,"4591962","2902174000000",,"KG","le KG","le KG","Zużycie na produkcję","Dok. ogółem : 3 986 UVC + 658.723 KG","18 713.71","rptNETWSKM003.rpt - GALECPOLOG PL94 (pl94botwinam)",".../...","rptNETWSKM003.rpt - GALECPOLOG PL94 (pl94botwinam)","Wydruk zakończony 09/06/25 o 14:25"
"JAROSLAWDIS","Prot. nr 351 du  31/05/25 ","PROTOK. PRZEKAZANIA","Zaimport dok Express Drive","Dok utworz. przez transfer danych","Zaimport. dok GRAP","Strona 1/1",09/06/25,"Dostawca","Artykuł","il.","CZF Netto","CS BRUT","Wartoć","Wartoć","VAT","Kod","(Ref wytwórcy)","Kod","EAN/PLU","Zestaw","(SZT)","CZF Netto","CS BRUT","Powód","Dzial 0208 NABIAŁ : 143 UVC","(c.d.)","593.54","721.27","SMAK SERWIS Sp. z o.o.37-100","WŁOSZCZ TWARÓG 1KG KRAJ PÓŁTŁUS","8","13.1968","15.99","105.57","127.92","09","5%00","8151512446",,"4627626","5901005005654",,,,,"Zużycie na produkcję","Dok. ogółem : 3 986 UVC + 658.723 KG","18 713.71","rptNETWSKM003.rpt - GALECPOLOG PL94 (pl94botwinam)",".../...","rptNETWSKM003.rpt - GALECPOLOG PL94 (pl94botwinam)","Wydruk zakończony 09/06/25 o 14:25"
"JAROSLAWDIS","Prot. nr 351 du  31/05/25 ","PROTOK. PRZEKAZANIA","Zaimport dok Express Drive","Dok utworz. przez transfer danych","Zaimport. dok GRAP","Strona 1/1",09/06/25,"Dostawca","Artykuł","il.","CZF Netto","CS BRUT","Wartoć","Wartoć","VAT","Kod","(Ref wytwórcy)","Kod","EAN/PLU","Zestaw","(SZT)","CZF Netto","CS BRUT","Powód","Dzial 0208 NABIAŁ : 143 UVC","(c.d.)","593.54","721.27","NORTH COAST S.A","CAST SER 125G MOZZARELLA BUONA","31","2.6146","3.49","81.05","108.19","09","5%00","5260205055","(127/01/55)","4184214","5902596191979",,,,,"Zużycie na produkcję","Dok. ogółem : 3 986 UVC + 658.723 KG","18 713.71","rptNETWSKM003.rpt - GALECPOLOG PL94 (pl94botwinam)",".../...","rptNETWSKM003.rpt - GALECPOLOG PL94 (pl94botwinam)","Wydruk zakończony 09/06/25 o 14:25"
"JAROSLAWDIS","Prot. nr 351 du  31/05/25 ","PROTOK. PRZEKAZANIA","Zaimport dok Express Drive","Dok utworz. przez transfer danych","Zaimport. dok GRAP","Strona 1/1",09/06/25,"Dostawca","Artykuł","il.","CZF Netto","CS BRUT","Wartoć","Wartoć","VAT","Kod","(Ref wytwórcy)","Kod","EAN/PLU","Zestaw","(SZT)","CZF Netto","CS BRUT","Powód","Dzial 0208 NABIAŁ : 143 UVC","(c.d.)","593.54","721.27","JAROSŁAWDIS Spółka z ograniczon","MLE JOG 400G NATURAL GRECK 10%","3","3.15","4.19","9.45","12.57","09","5%00","5252675059",,"4625299","5900512350080",,,,,"Zużycie na produkcję","Dok. ogółem : 3 986 UVC + 658.723 KG","18 713.71","rptNETWSKM003.rpt - GALECPOLOG PL94 (pl94botwinam)",".../...","rptNETWSKM003.rpt - GALECPOLOG PL94 (pl94botwinam)","Wydruk zakończony 09/06/25 o 14:25"
"JAROSLAWDIS","Prot. nr 351 du  31/05/25 ","PROTOK. PRZEKAZANIA","Zaimport dok Express Drive","Dok utworz. przez transfer danych","Zaimport. dok GRAP","Strona 1/1",09/06/25,"Dostawca","Artykuł","il.","CZF Netto","CS BRUT","Wartoć","Wartoć","VAT","Kod","(Ref wytwórcy)","Kod","EAN/PLU","Zestaw","(SZT)","CZF Netto","CS BRUT","Powód","Dzial 0208 NABIAŁ : 143 UVC","(c.d.)","593.54","721.27","ŁOWICZ","ŁOWICZ MASŁO 200G EXTRA","1","5.9308","6.99","5.93","6.99","09","5%00","8340000049",,"4592093","5900120025004",,,,,"Zużycie na produkcję","Dok. ogółem : 3 986 UVC + 658.723 KG","18 713.71","rptNETWSKM003.rpt - GALECPOLOG PL94 (pl94botwinam)",".../...","rptNETWSKM003.rpt - GALECPOLOG PL94 (pl94botwinam)","Wydruk zakończony 09/06/25 o 14:25"
"JAROSLAWDIS","Prot. nr 351 du  31/05/25 ","PROTOK. PRZEKAZANIA","Zaimport dok Express Drive","Dok utworz. przez transfer danych","Zaimport. dok GRAP","Strona 1/1",09/06/25,"Dostawca","Artykuł","il.","CZF Netto","CS BRUT","Wartoć","Wartoć","VAT","Kod","(Ref wytwórcy)","Kod","EAN/PLU","Zestaw","(SZT)","CZF Netto","CS BRUT","Powód","Dzial 0208 NABIAŁ : 143 UVC","(c.d.)","593.54","721.27","P.P.H.U. Specjał Sp.z o.o.","TW SMAK SEREK 150G PUSZ CHRZAN","33","3.384","4.29","111.67","141.57","09","5%00","5170199121",,"4601001","5900531000867",,,,,"Zużycie na produkcję","Dok. ogółem : 3 986 UVC + 658.723 KG","18 713.71","rptNETWSKM003.rpt - GALECPOLOG PL94 (pl94botwinam)",".../...","rptNETWSKM003.rpt - GALECPOLOG PL94 (pl94botwinam)","Wydruk zakończony 09/06/25 o 14:25"
"JAROSLAWDIS","Prot. nr 351 du  31/05/25 ","PROTOK. PRZEKAZANIA","Zaimport dok Express Drive","Dok utworz. przez transfer danych","Zaimport. dok GRAP","Strona 1/1",09/06/25,"Dostawca","Artykuł","il.","CZF Netto","CS BRUT","Wartoć","Wartoć","VAT","Kod","(Ref wytwórcy)","Kod","EAN/PLU","Zestaw","(SZT)","CZF Netto","CS BRUT","Powód","Dzial 0208 NABIAŁ : 143 UVC","(c.d.)","593.54","721.27","SCAWAR Sp. z o.o.","MU! MLEKO 1L UHT 3.2%","51","3.0998","3.69","158.09","188.19","09","5%00","5222574715",,"4387403","5901432000819",,,,,"Zużycie na produkcję","Dok. ogółem : 3 986 UVC + 658.723 KG","18 713.71","rptNETWSKM003.rpt - GALECPOLOG PL94 (pl94botwinam)",".../...","rptNETWSKM003.rpt - GALECPOLOG PL94 (pl94botwinam)","Wydruk zakończony 09/06/25 o 14:25"
"JAROSLAWDIS","Prot. nr 351 du  31/05/25 ","PROTOK. PRZEKAZANIA","Zaimport dok Express Drive","Dok utworz. przez transfer danych","Zaimport. dok GRAP","Strona 1/1",09/06/25,"Dostawca","Artykuł","il.","CZF Netto","CS BRUT","Wartoć","Wartoć","VAT","Kod","(Ref wytwórcy)","Kod","EAN/PLU","Zestaw","(SZT)","CZF Netto","CS BRUT","Powód","Dzial 0208 NABIAŁ : 143 UVC","(c.d.)","593.54","721.27","OSM W KRASNYMSTAWIE","KRAS SER TWAROGOWY 500G PÓŁTŁUS","16","7.6114","8.49","121.78","135.84","09","5%00","4510216",,"3765179","5902057004824",,,,,"Zużycie na produkcję","Dok. ogółem : 3 986 UVC + 658.723 KG","18 713.71","rptNETWSKM003.rpt - GALECPOLOG PL94 (pl94botwinam)",".../...","rptNETWSKM003.rpt - GALECPOLOG PL94 (pl94botwinam)","Wydruk zakończony 09/06/25 o 14:25"
"JAROSLAWDIS","Prot. nr 351 du  31/05/25 ","PROTOK. PRZEKAZANIA","Zaimport dok Express Drive","Dok utworz. przez transfer danych","Zaimport. dok GRAP","Strona 1/1",09/06/25,"Dostawca","Artykuł","il.","CZF Netto","CS BRUT","Wartoć","Wartoć","VAT","Kod","(Ref wytwórcy)","Kod","EAN/PLU","Zestaw","(SZT)","CZF Netto","CS BRUT","Powód","Dzial 0210 WARZYWA I OWOCE : 393 UVC + 229.682 KG","(c.d.)","2 213.51","3 367.24","SCAWAR Sp. z o.o.","PAPRYKA RAMIRO CZERWONA","0.967","9.80","17.26","9.48","16.69","09","5%00","5222574715",,"3877164","2902236000000",,"KG","le KG","le KG","Zużycie na produkcję","Dok. ogółem : 3 986 UVC + 658.723 KG","18 713.71","rptNETWSKM003.rpt - GALECPOLOG PL94 (pl94botwinam)",".../...","rptNETWSKM003.rpt - GALECPOLOG PL94 (pl94botwinam)","Wydruk zakończony 09/06/25 o 14:25"
"JAROSLAWDIS","Prot. nr 351 du  31/05/25 ","PROTOK. PRZEKAZANIA","Zaimport dok Express Drive","Dok utworz. przez transfer danych","Zaimport. dok GRAP","Strona 1/1",09/06/25,"Dostawca","Artykuł","il.","CZF Netto","CS BRUT","Wartoć","Wartoć","VAT","Kod","(Ref wytwórcy)","Kod","EAN/PLU","Zestaw","(SZT)","CZF Netto","CS BRUT","Powód","Dzial 0210 WARZYWA I OWOCE : 393 UVC + 229.682 KG","(c.d.)","2 213.51","3 367.24","SCAWAR Sp. z o.o.","SCA BORÓWKA AMERYKAŃSKA 125G FR","4","4.0008","6.99","16.00","27.96","09","5%00","5222574715",,"3876463","5905133730280",,,,,"Zużycie na produkcję","Dok. ogółem : 3 986 UVC + 658.723 KG","18 713.71","rptNETWSKM003.rpt - GALECPOLOG PL94 (pl94botwinam)",".../...","rptNETWSKM003.rpt - GALECPOLOG PL94 (pl94botwinam)","Wydruk zakończony 09/06/25 o 14:25"
"JAROSLAWDIS","Prot. nr 351 du  31/05/25 ","PROTOK. PRZEKAZANIA","Zaimport dok Express Drive","Dok utworz. przez transfer danych","Zaimport. dok GRAP","Strona 1/1",09/06/25,"Dostawca","Artykuł","il.","CZF Netto","CS BRUT","Wartoć","Wartoć","VAT","Kod","(Ref wytwórcy)","Kod","EAN/PLU","Zestaw","(SZT)","CZF Netto","CS BRUT","Powód","Dzial 0210 WARZYWA I OWOCE : 393 UVC + 229.682 KG","(c.d.)","2 213.51","3 367.24","HURT-DETAL ANETA BIK","POMIDORY CZERWONE","59.099","5.9243","7.29","350.12","430.83","09","5%00","7951057670",,"3877016","2908725000000",,"KG","le KG","le KG","Zużycie na produkcję","Dok. ogółem : 3 986 UVC + 658.723 KG","18 713.71","rptNETWSKM003.rpt - GALECPOLOG PL94 (pl94botwinam)",".../...","rptNETWSKM003.rpt - GALECPOLOG PL94 (pl94botwinam)","Wydruk zakończony 09/06/25 o 14:25"
"JAROSLAWDIS","Prot. nr 351 du  31/05/25 ","PROTOK. PRZEKAZANIA","Zaimport dok Express Drive","Dok utworz. przez transfer danych","Zaimport. dok GRAP","Strona 1/1",09/06/25,"Dostawca","Artykuł","il.","CZF Netto","CS BRUT","Wartoć","Wartoć","VAT","Kod","(Ref wytwórcy)","Kod","EAN/PLU","Zestaw","(SZT)","CZF Netto","CS BRUT","Powód","Dzial 0210 WARZYWA I OWOCE : 393 UVC + 229.682 KG","(c.d.)","2 213.51","3 367.24","JAROSŁAWDIS Spółka z ograniczon","LIMONKA SZT","3","8.33","12.49","24.99","37.47","09","5%00","5252675059",,"4834248","2402253000000",,,,,"Zużycie na produkcję","Dok. ogółem : 3 986 UVC + 658.723 KG","18 713.71","rptNETWSKM003.rpt - GALECPOLOG PL94 (pl94botwinam)",".../...","rptNETWSKM003.rpt - GALECPOLOG PL94 (pl94botwinam)","Wydruk zakończony 09/06/25 o 14:25"
"JAROSLAWDIS","Prot. nr 351 du  31/05/25 ","PROTOK. PRZEKAZANIA","Zaimport dok Express Drive","Dok utworz. przez transfer danych","Zaimport. dok GRAP","Strona 1/1",09/06/25,"Dostawca","Artykuł","il.","CZF Netto","CS BRUT","Wartoć","Wartoć","VAT","Kod","(Ref wytwórcy)","Kod","EAN/PLU","Zestaw","(SZT)","CZF Netto","CS BRUT","Powód","Dzial 0210 WARZYWA I OWOCE : 393 UVC + 229.682 KG","(c.d.)","2 213.51","3 367.24","HURT-DETAL ANETA BIK","OGÓRKI SZKLAR KRÓTKIE 5KG LUZ","52.690","4.0947","5.49","215.75","289.27","09","5%00","7951057670",,"3877313","2903350000000",,"KG","le KG","le KG","Zużycie na produkcję","Dok. ogółem : 3 986 UVC + 658.723 KG","18 713.71","rptNETWSKM003.rpt - GALECPOLOG PL94 (pl94botwinam)",".../...","rptNETWSKM003.rpt - GALECPOLOG PL94 (pl94botwinam)","Wydruk zakończony 09/06/25 o 14:25"
"JAROSLAWDIS","Prot. nr 351 du  31/05/25 ","PROTOK. PRZEKAZANIA","Zaimport dok Express Drive","Dok utworz. przez transfer danych","Zaimport. dok GRAP","Strona 1/1",09/06/25,"Dostawca","Artykuł","il.","CZF Netto","CS BRUT","Wartoć","Wartoć","VAT","Kod","(Ref wytwórcy)","Kod","EAN/PLU","Zestaw","(SZT)","CZF Netto","CS BRUT","Powód","Dzial 0210 WARZYWA I OWOCE : 393 UVC + 229.682 KG","(c.d.)","2 213.51","3 367.24","CONSORFRUT POLSKA SP. Z O.O.","BANANY KG","8.920","5.18","7.79","46.21","69.49","09","5%00","6792797252",,"3876158","2902946000000",,"KG","le KG","le KG","Zużycie na produkcję","Dok. ogółem : 3 986 UVC + 658.723 KG","18 713.71","rptNETWSKM003.rpt - GALECPOLOG PL94 (pl94botwinam)",".../...","rptNETWSKM003.rpt - GALECPOLOG PL94 (pl94botwinam)","Wydruk zakończony 09/06/25 o 14:25"
"JAROSLAWDIS","Prot. nr 351 du  31/05/25 ","PROTOK. PRZEKAZANIA","Zaimport dok Express Drive","Dok utworz. przez transfer danych","Zaimport. dok GRAP","Strona 1/1",09/06/25,"Dostawca","Artykuł","il.","CZF Netto","CS BRUT","Wartoć","Wartoć","VAT","Kod","(Ref wytwórcy)","Kod","EAN/PLU","Zestaw","(SZT)","CZF Netto","CS BRUT","Powód","Dzial 0210 WARZYWA I OWOCE : 393 UVC + 229.682 KG","(c.d.)","2 213.51","3 367.24","CENTRUM PLUS SPÓŁKA Z OGRANICZO","WINOGRONA JASNE 500G","1","7.00","9.99","7.00","9.99","09","5%00","8141535612",,"3876448","5906881465905",,,,,"Zużycie na produkcję","Dok. ogółem : 3 986 UVC + 658.723 KG","18 713.71","rptNETWSKM003.rpt - GALECPOLOG PL94 (pl94botwinam)",".../...","rptNETWSKM003.rpt - GALECPOLOG PL94 (pl94botwinam)","Wydruk zakończony 09/06/25 o 14:25"
"JAROSLAWDIS","Prot. nr 351 du  31/05/25 ","PROTOK. PRZEKAZANIA","Zaimport dok Express Drive","Dok utworz. przez transfer danych","Zaimport. dok GRAP","Strona 1/1",09/06/25,"Dostawca","Artykuł","il.","CZF Netto","CS BRUT","Wartoć","Wartoć","VAT","Kod","(Ref wytwórcy)","Kod","EAN/PLU","Zestaw","(SZT)","CZF Netto","CS BRUT","Powód","Dzial 0210 WARZYWA I OWOCE : 393 UVC + 229.682 KG","(c.d.)","2 213.51","3 367.24","CENTRUM PLUS SPÓŁKA Z OGRANICZO","KOPEREK PECZEK","2","1.14","1.99","2.28","3.98","09","5%00","8141535612",,"3767043","2402258000000",,,,,"Zużycie na produkcję","Dok. ogółem : 3 986 UVC + 658.723 KG","18 713.71","rptNETWSKM003.rpt - GALECPOLOG PL94 (pl94botwinam)",".../...","rptNETWSKM003.rpt - GALECPOLOG PL94 (pl94botwinam)","Wydruk zakończony 09/06/25 o 14:25"
"JAROSLAWDIS","Prot. nr 351 du  31/05/25 ","PROTOK. PRZEKAZANIA","Zaimport dok Express Drive","Dok utworz. przez transfer danych","Zaimport. dok GRAP","Strona 1/1",09/06/25,"Dostawca","Artykuł","il.","CZF Netto","CS BRUT","Wartoć","Wartoć","VAT","Kod","(Ref wytwórcy)","Kod","EAN/PLU","Zestaw","(SZT)","CZF Netto","CS BRUT","Powód","Dzial 0210 WARZYWA I OWOCE : 393 UVC + 229.682 KG","(c.d.)","2 213.51","3 367.24","HURT-DETAL ANETA BIK","POMIDORY MALINOWE","3","6.9258","9.99","20.78","29.97","09","5%00","7951057670",,"3877040","2908805000000",,"KG","le KG","le KG","Zużycie na produkcję","Dok. ogółem : 3 986 UVC + 658.723 KG","18 713.71","rptNETWSKM003.rpt - GALECPOLOG PL94 (pl94botwinam)",".../...","rptNETWSKM003.rpt - GALECPOLOG PL94 (pl94botwinam)","Wydruk zakończony 09/06/25 o 14:25"
"JAROSLAWDIS","Prot. nr 351 du  31/05/25 ","PROTOK. PRZEKAZANIA","Zaimport dok Express Drive","Dok utworz. przez transfer danych","Zaimport. dok GRAP","Strona 1/1",09/06/25,"Dostawca","Artykuł","il.","CZF Netto","CS BRUT","Wartoć","Wartoć","VAT","Kod","(Ref wytwórcy)","Kod","EAN/PLU","Zestaw","(SZT)","CZF Netto","CS BRUT","Powód","Dzial 0210 WARZYWA I OWOCE : 393 UVC + 229.682 KG","(c.d.)","2 213.51","3 367.24","HURT-DETAL ANETA BIK","POMIDORY CHERRY 250G","4","2.9677","4.49","11.87","17.96","09","5%00","7951057670",,"3877057","5902768673012",,,,,"Zużycie na produkcję","Dok. ogółem : 3 986 UVC + 658.723 KG","18 713.71","rptNETWSKM003.rpt - GALECPOLOG PL94 (pl94botwinam)",".../...","rptNETWSKM003.rpt - GALECPOLOG PL94 (pl94botwinam)","Wydruk zakończony 09/06/25 o 14:25"
"JAROSLAWDIS","Prot. nr 351 du  31/05/25 ","PROTOK. PRZEKAZANIA","Zaimport dok Express Drive","Dok utworz. przez transfer danych","Zaimport. dok GRAP","Strona 1/1",09/06/25,"Dostawca","Artykuł","il.","CZF Netto","CS BRUT","Wartoć","Wartoć","VAT","Kod","(Ref wytwórcy)","Kod","EAN/PLU","Zestaw","(SZT)","CZF Netto","CS BRUT","Powód","Dzial 0210 WARZYWA I OWOCE : 393 UVC + 229.682 KG","(c.d.)","2 213.51","3 367.24","CENTRUM PLUS SPÓŁKA Z OGRANICZO","IMBIR","0.235","13.4288","17.19","3.16","4.04","12","8%00","8141535612",,"3877602","2901260000000",,"KG","le KG","le KG","Zużycie na produkcję","Dok. ogółem : 3 986 UVC + 658.723 KG","18 713.71","rptNETWSKM003.rpt - GALECPOLOG PL94 (pl94botwinam)",".../...","rptNETWSKM003.rpt - GALECPOLOG PL94 (pl94botwinam)","Wydruk zakończony 09/06/25 o 14:25"
"JAROSLAWDIS","Prot. nr 351 du  31/05/25 ","PROTOK. PRZEKAZANIA","Zaimport dok Express Drive","Dok utworz. przez transfer danych","Zaimport. dok GRAP","Strona 1/1",09/06/25,"Dostawca","Artykuł","il.","CZF Netto","CS BRUT","Wartoć","Wartoć","VAT","Kod","(Ref wytwórcy)","Kod","EAN/PLU","Zestaw","(SZT)","CZF Netto","CS BRUT","Powód","Dzial 0210 WARZYWA I OWOCE : 393 UVC + 229.682 KG","(c.d.)","2 213.51","3 367.24","CENTRUM PLUS SPÓŁKA Z OGRANICZO","LIMONKI","4.250","8.7703","12.49","37.27","53.08","09","5%00","8141535612",,"4023727","2900071000000",,"KG","le KG","le KG","Zużycie na produkcję","Dok. ogółem : 3 986 UVC + 658.723 KG","18 713.71","rptNETWSKM003.rpt - GALECPOLOG PL94 (pl94botwinam)",".../...","rptNETWSKM003.rpt - GALECPOLOG PL94 (pl94botwinam)","Wydruk zakończony 09/06/25 o 14:25"
"JAROSLAWDIS","Prot. nr 351 du  31/05/25 ","PROTOK. PRZEKAZANIA","Zaimport dok Express Drive","Dok utworz. przez transfer danych","Zaimport. dok GRAP","Strona 1/1",09/06/25,"Dostawca","Artykuł","il.","CZF Netto","CS BRUT","Wartoć","Wartoć","VAT","Kod","(Ref wytwórcy)","Kod","EAN/PLU","Zestaw","(SZT)","CZF Netto","CS BRUT","Powód","Dzial 0210 WARZYWA I OWOCE : 393 UVC + 229.682 KG","(c.d.)","2 213.51","3 367.24","GRZEGORZ POLAK FIRMA HANDLOWO-U","PAPRYKA ŻÓŁTA 5KG LUZ","17.339","7.7657","11.49","134.65","199.23","09","5%00","5130110907",,"3757986","2907689000000",,"KG","le KG","le KG","Zużycie na produkcję","Dok. ogółem : 3 986 UVC + 658.723 KG","18 713.71","rptNETWSKM003.rpt - GALECPOLOG PL94 (pl94botwinam)",".../...","rptNETWSKM003.rpt - GALECPOLOG PL94 (pl94botwinam)","Wydruk zakończony 09/06/25 o 14:25"
"JAROSLAWDIS","Prot. nr 351 du  31/05/25 ","PROTOK. PRZEKAZANIA","Zaimport dok Express Drive","Dok utworz. przez transfer danych","Zaimport. dok GRAP","Strona 1/1",09/06/25,"Dostawca","Artykuł","il.","CZF Netto","CS BRUT","Wartoć","Wartoć","VAT","Kod","(Ref wytwórcy)","Kod","EAN/PLU","Zestaw","(SZT)","CZF Netto","CS BRUT","Powód","Dzial 0210 WARZYWA I OWOCE : 393 UVC + 229.682 KG","(c.d.)","2 213.51","3 367.24","SCAWAR Sp. z o.o.","MIX Z RUKOLĽ 160g SOLE GUSTO","5","2.70","2.99","13.50","14.95","09","5%00","5222574715",,"5254180","5902666643667",,,,,"Zużycie na produkcję","Dok. ogółem : 3 986 UVC + 658.723 KG","18 713.71","rptNETWSKM003.rpt - GALECPOLOG PL94 (pl94botwinam)",".../...","rptNETWSKM003.rpt - GALECPOLOG PL94 (pl94botwinam)","Wydruk zakończony 09/06/25 o 14:25"
"JAROSLAWDIS","Prot. nr 351 du  31/05/25 ","PROTOK. PRZEKAZANIA","Zaimport dok Express Drive","Dok utworz. przez transfer danych","Zaimport. dok GRAP","Strona 1/1",09/06/25,"Dostawca","Artykuł","il.","CZF Netto","CS BRUT","Wartoć","Wartoć","VAT","Kod","(Ref wytwórcy)","Kod","EAN/PLU","Zestaw","(SZT)","CZF Netto","CS BRUT","Powód","Dzial 0210 WARZYWA I OWOCE : 393 UVC + 229.682 KG","(c.d.)","2 213.51","3 367.24","CONSORFRUT POLSKA SP. Z O.O.","PAPRYKA CZERWONA 5KG LUZ","34.446","6.7365","12.49","232.05","430.23","09","5%00","6792797252",,"3877396","2907452000000",,"KG","le KG","le KG","Zużycie na produkcję","Dok. ogółem : 3 986 UVC + 658.723 KG","18 713.71","rptNETWSKM003.rpt - GALECPOLOG PL94 (pl94botwinam)",".../...","rptNETWSKM003.rpt - GALECPOLOG PL94 (pl94botwinam)","Wydruk zakończony 09/06/25 o 14:25"
"JAROSLAWDIS","Prot. nr 351 du  31/05/25 ","PROTOK. PRZEKAZANIA","Zaimport dok Express Drive","Dok utworz. przez transfer danych","Zaimport. dok GRAP","Strona 1/1",09/06/25,"Dostawca","Artykuł","il.","CZF Netto","CS BRUT","Wartoć","Wartoć","VAT","Kod","(Ref wytwórcy)","Kod","EAN/PLU","Zestaw","(SZT)","CZF Netto","CS BRUT","Powód","Dzial 0210 WARZYWA I OWOCE : 393 UVC + 229.682 KG","(c.d.)","2 213.51","3 367.24","CONSORFRUT POLSKA SP. Z O.O.","GRUSZKA LUZ","2.100","8.0658","11.89","16.94","24.97","09","5%00","6792797252",,"3760485","2901412000000",,"KG","le KG","le KG","Zużycie na produkcję","Dok. ogółem : 3 986 UVC + 658.723 KG","18 713.71","rptNETWSKM003.rpt - GALECPOLOG PL94 (pl94botwinam)",".../...","rptNETWSKM003.rpt - GALECPOLOG PL94 (pl94botwinam)","Wydruk zakończony 09/06/25 o 14:25"
"JAROSLAWDIS","Prot. nr 351 du  31/05/25 ","PROTOK. PRZEKAZANIA","Zaimport dok Express Drive","Dok utworz. przez transfer danych","Zaimport. dok GRAP","Strona 1/1",09/06/25,"Dostawca","Artykuł","il.","CZF Netto","CS BRUT","Wartoć","Wartoć","VAT","Kod","(Ref wytwórcy)","Kod","EAN/PLU","Zestaw","(SZT)","CZF Netto","CS BRUT","Powód","Dzial 0210 WARZYWA I OWOCE : 393 UVC + 229.682 KG","(c.d.)","2 213.51","3 367.24","GRZEGORZ POLAK FIRMA HANDLOWO-U","CYTRYNY 3-4 10KG LUZ","0.660","8.362","11.49","5.52","7.58","09","5%00","5130110907",,"3875853","2900095000000",,"KG","le KG","le KG","Zużycie na produkcję","Dok. ogółem : 3 986 UVC + 658.723 KG","18 713.71","rptNETWSKM003.rpt - GALECPOLOG PL94 (pl94botwinam)",".../...","rptNETWSKM003.rpt - GALECPOLOG PL94 (pl94botwinam)","Wydruk zakończony 09/06/25 o 14:25"
"JAROSLAWDIS","Prot. nr 351 du  31/05/25 ","PROTOK. PRZEKAZANIA","Zaimport dok Express Drive","Dok utworz. przez transfer danych","Zaimport. dok GRAP","Strona 1/1",09/06/25,"Dostawca","Artykuł","il.","CZF Netto","CS BRUT","Wartoć","Wartoć","VAT","Kod","(Ref wytwórcy)","Kod","EAN/PLU","Zestaw","(SZT)","CZF Netto","CS BRUT","Powód","Dzial 0210 WARZYWA I OWOCE : 393 UVC + 229.682 KG","(c.d.)","2 213.51","3 367.24","CENTRUM PLUS SPÓŁKA Z OGRANICZO","AWOKADO ZIELONE 18SZT","17","1.6577","3.49","28.18","59.33","09","5%00","8141535612",,"3876182","2477022000000",,,,,"Zużycie na produkcję","Dok. ogółem : 3 986 UVC + 658.723 KG","18 713.71","rptNETWSKM003.rpt - GALECPOLOG PL94 (pl94botwinam)",".../...","rptNETWSKM003.rpt - GALECPOLOG PL94 (pl94botwinam)","Wydruk zakończony 09/06/25 o 14:25"
"JAROSLAWDIS","Prot. nr 351 du  31/05/25 ","PROTOK. PRZEKAZANIA","Zaimport dok Express Drive","Dok utworz. przez transfer danych","Zaimport. dok GRAP","Strona 1/1",09/06/25,"Dostawca","Artykuł","il.","CZF Netto","CS BRUT","Wartoć","Wartoć","VAT","Kod","(Ref wytwórcy)","Kod","EAN/PLU","Zestaw","(SZT)","CZF Netto","CS BRUT","Powód","Dzial 0210 WARZYWA I OWOCE : 393 UVC + 229.682 KG","(c.d.)","2 213.51","3 367.24","CONSORFRUT POLSKA SP. Z O.O.","PAPRYKA ŻÓŁTA 5KG LUZ","0.100","6.3179","10.69","0.63","1.07","09","5%00","6792797252",,"4964672","8436568235158",,"KG","le KG","le KG","Zużycie na produkcję","Dok. ogółem : 3 986 UVC + 658.723 KG","18 713.71","rptNETWSKM003.rpt - GALECPOLOG PL94 (pl94botwinam)",".../...","rptNETWSKM003.rpt - GALECPOLOG PL94 (pl94botwinam)","Wydruk zakończony 09/06/25 o 14:25"
"JAROSLAWDIS","Prot. nr 351 du  31/05/25 ","PROTOK. PRZEKAZANIA","Zaimport dok Express Drive","Dok utworz. przez transfer danych","Zaimport. dok GRAP","Strona 1/1",09/06/25,"Dostawca","Artykuł","il.","CZF Netto","CS BRUT","Wartoć","Wartoć","VAT","Kod","(Ref wytwórcy)","Kod","EAN/PLU","Zestaw","(SZT)","CZF Netto","CS BRUT","Powód","Dzial 0210 WARZYWA I OWOCE : 393 UVC + 229.682 KG","(c.d.)","2 213.51","3 367.24","SCAWAR Sp. z o.o.","BORÓWKI AMERYKAŃSKIE 250G","9","7.2034","11.99","64.83","107.91","09","5%00","5222574715",,"4084927","5908216290220",,,,,"Zużycie na produkcję","Dok. ogółem : 3 986 UVC + 658.723 KG","18 713.71","rptNETWSKM003.rpt - GALECPOLOG PL94 (pl94botwinam)",".../...","rptNETWSKM003.rpt - GALECPOLOG PL94 (pl94botwinam)","Wydruk zakończony 09/06/25 o 14:25"
"JAROSLAWDIS","Prot. nr 351 du  31/05/25 ","PROTOK. PRZEKAZANIA","Zaimport dok Express Drive","Dok utworz. przez transfer danych","Zaimport. dok GRAP","Strona 1/1",09/06/25,"Dostawca","Artykuł","il.","CZF Netto","CS BRUT","Wartoć","Wartoć","VAT","Kod","(Ref wytwórcy)","Kod","EAN/PLU","Zestaw","(SZT)","CZF Netto","CS BRUT","Powód","Dzial 0210 WARZYWA I OWOCE : 393 UVC + 229.682 KG","(c.d.)","2 213.51","3 367.24","HURT-DETAL ANETA BIK","JABŁKA MIX ODMIAN","2.920","4.10","5.49","11.97","16.03","09","5%00","7951057670",,"3764065","2901415000000",,"KG","le KG","le KG","Zużycie na produkcję","Dok. ogółem : 3 986 UVC + 658.723 KG","18 713.71","rptNETWSKM003.rpt - GALECPOLOG PL94 (pl94botwinam)",".../...","rptNETWSKM003.rpt - GALECPOLOG PL94 (pl94botwinam)","Wydruk zakończony 09/06/25 o 14:25"
"JAROSLAWDIS","Prot. nr 351 du  31/05/25 ","PROTOK. PRZEKAZANIA","Zaimport dok Express Drive","Dok utworz. przez transfer danych","Zaimport. dok GRAP","Strona 1/1",09/06/25,"Dostawca","Artykuł","il.","CZF Netto","CS BRUT","Wartoć","Wartoć","VAT","Kod","(Ref wytwórcy)","Kod","EAN/PLU","Zestaw","(SZT)","CZF Netto","CS BRUT","Powód","Dzial 0210 WARZYWA I OWOCE : 393 UVC + 229.682 KG","(c.d.)","2 213.51","3 367.24","CONSORFRUT POLSKA SP. Z O.O.","POMARANCZA SOKOWA","0.350","3.5266","5.79","1.23","2.03","09","5%00","6792797252",,"4420030","2909650000000",,"KG","le KG","le KG","Zużycie na produkcję","Dok. ogółem : 3 986 UVC + 658.723 KG","18 713.71","rptNETWSKM003.rpt - GALECPOLOG PL94 (pl94botwinam)",".../...","rptNETWSKM003.rpt - GALECPOLOG PL94 (pl94botwinam)","Wydruk zakończony 09/06/25 o 14:25"
"JAROSLAWDIS","Prot. nr 351 du  31/05/25 ","PROTOK. PRZEKAZANIA","Zaimport dok Express Drive","Dok utworz. przez transfer danych","Zaimport. dok GRAP","Strona 1/1",09/06/25,"Dostawca","Artykuł","il.","CZF Netto","CS BRUT","Wartoć","Wartoć","VAT","Kod","(Ref wytwórcy)","Kod","EAN/PLU","Zestaw","(SZT)","CZF Netto","CS BRUT","Powód","Dzial 0210 WARZYWA I OWOCE : 393 UVC + 229.682 KG","(c.d.)","2 213.51","3 367.24","CENTRUM PLUS SPÓŁKA Z OGRANICZO","RUKOLA 80G","14","2.10","3.79","29.40","53.06","09","5%00","8141535612",,"3811304","8018708962959",,,,,"Zużycie na produkcję","Dok. ogółem : 3 986 UVC + 658.723 KG","18 713.71","rptNETWSKM003.rpt - GALECPOLOG PL94 (pl94botwinam)",".../...","rptNETWSKM003.rpt - GALECPOLOG PL94 (pl94botwinam)","Wydruk zakończony 09/06/25 o 14:25"
"JAROSLAWDIS","Prot. nr 351 du  31/05/25 ","PROTOK. PRZEKAZANIA","Zaimport dok Express Drive","Dok utworz. przez transfer danych","Zaimport. dok GRAP","Strona 1/1",09/06/25,"Dostawca","Artykuł","il.","CZF Netto","CS BRUT","Wartoć","Wartoć","VAT","Kod","(Ref wytwórcy)","Kod","EAN/PLU","Zestaw","(SZT)","CZF Netto","CS BRUT","Powód","Dzial 0210 WARZYWA I OWOCE : 393 UVC + 229.682 KG","(c.d.)","2 213.51","3 367.24","JAROSŁAWDIS Spółka z ograniczon","CEBULA CZERWONA","11.407","4.5928","7.49","52.39","85.44","09","5%00","5252675059",,"3877420","2906997000000",,"KG","le KG","le KG","Zużycie na produkcję","Dok. ogółem : 3 986 UVC + 658.723 KG","18 713.71","rptNETWSKM003.rpt - GALECPOLOG PL94 (pl94botwinam)",".../...","rptNETWSKM003.rpt - GALECPOLOG PL94 (pl94botwinam)","Wydruk zakończony 09/06/25 o 14:25"
"JAROSLAWDIS","Prot. nr 351 du  31/05/25 ","PROTOK. PRZEKAZANIA","Zaimport dok Express Drive","Dok utworz. przez transfer danych","Zaimport. dok GRAP","Strona 1/1",09/06/25,"Dostawca","Artykuł","il.","CZF Netto","CS BRUT","Wartoć","Wartoć","VAT","Kod","(Ref wytwórcy)","Kod","EAN/PLU","Zestaw","(SZT)","CZF Netto","CS BRUT","Powód","Dzial 0210 WARZYWA I OWOCE : 393 UVC + 229.682 KG","(c.d.)","2 213.51","3 367.24","SCAWAR Sp. z o.o.","BORÓWKI AMERYKAŃSKIE 125G","3","4.40","4.99","13.20","14.97","09","5%00","5222574715",,"4735015","6111260610015",,,,,"Zużycie na produkcję","Dok. ogółem : 3 986 UVC + 658.723 KG","18 713.71","rptNETWSKM003.rpt - GALECPOLOG PL94 (pl94botwinam)",".../...","rptNETWSKM003.rpt - GALECPOLOG PL94 (pl94botwinam)","Wydruk zakończony 09/06/25 o 14:25"
"JAROSLAWDIS","Prot. nr 351 du  31/05/25 ","PROTOK. PRZEKAZANIA","Zaimport dok Express Drive","Dok utworz. przez transfer danych","Zaimport. dok GRAP","Strona 1/1",09/06/25,"Dostawca","Artykuł","il.","CZF Netto","CS BRUT","Wartoć","Wartoć","VAT","Kod","(Ref wytwórcy)","Kod","EAN/PLU","Zestaw","(SZT)","CZF Netto","CS BRUT","Powód","Dzial 0210 WARZYWA I OWOCE : 393 UVC + 229.682 KG","(c.d.)","2 213.51","3 367.24","SCAWAR Sp. z o.o.","POMIDORY DAKT CZERW WIADER 500G","2","6.0252","10.99","12.05","21.98","09","5%00","5222574715",,"4816609","5902768673432",,,,,"Zużycie na produkcję","Dok. ogółem : 3 986 UVC + 658.723 KG","18 713.71","rptNETWSKM003.rpt - GALECPOLOG PL94 (pl94botwinam)",".../...","rptNETWSKM003.rpt - GALECPOLOG PL94 (pl94botwinam)","Wydruk zakończony 09/06/25 o 14:25"
"JAROSLAWDIS","Prot. nr 351 du  31/05/25 ","PROTOK. PRZEKAZANIA","Zaimport dok Express Drive","Dok utworz. przez transfer danych","Zaimport. dok GRAP","Strona 1/1",09/06/25,"Dostawca","Artykuł","il.","CZF Netto","CS BRUT","Wartoć","Wartoć","VAT","Kod","(Ref wytwórcy)","Kod","EAN/PLU","Zestaw","(SZT)","CZF Netto","CS BRUT","Powód","Dzial 0210 WARZYWA I OWOCE : 393 UVC + 229.682 KG","(c.d.)","2 213.51","3 367.24","CENTRUM PLUS SPÓŁKA Z OGRANICZO","AWOKADO HASS RTE 18SZT","7","4.5282","5.79","31.70","40.53","09","5%00","8141535612",,"3876232","5905133731362",,,,,"Zużycie na produkcję","Dok. ogółem : 3 986 UVC + 658.723 KG","18 713.71","rptNETWSKM003.rpt - GALECPOLOG PL94 (pl94botwinam)",".../...","rptNETWSKM003.rpt - GALECPOLOG PL94 (pl94botwinam)","Wydruk zakończony 09/06/25 o 14:25"
"JAROSLAWDIS","Prot. nr 351 du  31/05/25 ","PROTOK. PRZEKAZANIA","Zaimport dok Express Drive","Dok utworz. przez transfer danych","Zaimport. dok GRAP","Strona 1/1",09/06/25,"Dostawca","Artykuł","il.","CZF Netto","CS BRUT","Wartoć","Wartoć","VAT","Kod","(Ref wytwórcy)","Kod","EAN/PLU","Zestaw","(SZT)","CZF Netto","CS BRUT","Powód","Dzial 0210 WARZYWA I OWOCE : 393 UVC + 229.682 KG","(c.d.)","2 213.51","3 367.24","CENTRUM PLUS SPÓŁKA Z OGRANICZO","POMARAŃCZE KG","5.640","4.8779","5.99","27.51","33.78","09","5%00","8141535612",,"3875861","2900090000000",,"KG","le KG","le KG","Zużycie na produkcję","Dok. ogółem : 3 986 UVC + 658.723 KG","18 713.71","rptNETWSKM003.rpt - GALECPOLOG PL94 (pl94botwinam)",".../...","rptNETWSKM003.rpt - GALECPOLOG PL94 (pl94botwinam)","Wydruk zakończony 09/06/25 o 14:25"
"JAROSLAWDIS","Prot. nr 351 du  31/05/25 ","PROTOK. PRZEKAZANIA","Zaimport dok Express Drive","Dok utworz. przez transfer danych","Zaimport. dok GRAP","Strona 1/1",09/06/25,"Dostawca","Artykuł","il.","CZF Netto","CS BRUT","Wartoć","Wartoć","VAT","Kod","(Ref wytwórcy)","Kod","EAN/PLU","Zestaw","(SZT)","CZF Netto","CS BRUT","Powód","Dzial 0210 WARZYWA I OWOCE : 393 UVC + 229.682 KG","(c.d.)","2 213.51","3 367.24","CONSORFRUT POLSKA SP. Z O.O.","SZCZYPIOREK","95","1.42","2.19","134.90","208.05","09","5%00","6792797252",,"4735411","2402121000000",,,,,"Zużycie na produkcję","Dok. ogółem : 3 986 UVC + 658.723 KG","18 713.71","rptNETWSKM003.rpt - GALECPOLOG PL94 (pl94botwinam)",".../...","rptNETWSKM003.rpt - GALECPOLOG PL94 (pl94botwinam)","Wydruk zakończony 09/06/25 o 14:25"
"JAROSLAWDIS","Prot. nr 351 du  31/05/25 ","PROTOK. PRZEKAZANIA","Zaimport dok Express Drive","Dok utworz. przez transfer danych","Zaimport. dok GRAP","Strona 1/1",09/06/25,"Dostawca","Artykuł","il.","CZF Netto","CS BRUT","Wartoć","Wartoć","VAT","Kod","(Ref wytwórcy)","Kod","EAN/PLU","Zestaw","(SZT)","CZF Netto","CS BRUT","Powód","Dzial 0210 WARZYWA I OWOCE : 393 UVC + 229.682 KG","(c.d.)","2 213.51","3 367.24","HURT-DETAL ANETA BIK","SAŁATA MIX FIT 100G","57","2.2521","3.79","128.37","216.03","09","5%00","7951057670",,"3742319","8018708963048",,,,,"Zużycie na produkcję","Dok. ogółem : 3 986 UVC + 658.723 KG","18 713.71","rptNETWSKM003.rpt - GALECPOLOG PL94 (pl94botwinam)",".../...","rptNETWSKM003.rpt - GALECPOLOG PL94 (pl94botwinam)","Wydruk zakończony 09/06/25 o 14:25"
"JAROSLAWDIS","Prot. nr 351 du  31/05/25 ","PROTOK. PRZEKAZANIA","Zaimport dok Express Drive","Dok utworz. przez transfer danych","Zaimport. dok GRAP","Strona 1/1",09/06/25,"Dostawca","Artykuł","il.","CZF Netto","CS BRUT","Wartoć","Wartoć","VAT","Kod","(Ref wytwórcy)","Kod","EAN/PLU","Zestaw","(SZT)","CZF Netto","CS BRUT","Powód","Dzial 0210 WARZYWA I OWOCE : 393 UVC + 229.682 KG","(c.d.)","2 213.51","3 367.24","SCAWAR Sp. z o.o.","MIX Z ROSZPONKĽ 160g SOLE GUSTO","2","2.701","2.99","5.40","5.98","09","5%00","5222574715",,"5254172","5902666643674",,,,,"Zużycie na produkcję","Dok. ogółem : 3 986 UVC + 658.723 KG","18 713.71","rptNETWSKM003.rpt - GALECPOLOG PL94 (pl94botwinam)",".../...","rptNETWSKM003.rpt - GALECPOLOG PL94 (pl94botwinam)","Wydruk zakończony 09/06/25 o 14:25"
"JAROSLAWDIS","Prot. nr 351 du  31/05/25 ","PROTOK. PRZEKAZANIA","Zaimport dok Express Drive","Dok utworz. przez transfer danych","Zaimport. dok GRAP","Strona 1/1",09/06/25,"Dostawca","Artykuł","il.","CZF Netto","CS BRUT","Wartoć","Wartoć","VAT","Kod","(Ref wytwórcy)","Kod","EAN/PLU","Zestaw","(SZT)","CZF Netto","CS BRUT","Powód","Dzial 0210 WARZYWA I OWOCE : 393 UVC + 229.682 KG","(c.d.)","2 213.51","3 367.24","CENTRUM PLUS SPÓŁKA Z OGRANICZO","KAPUSTA PEKIŃSKA","5.560","3.4148","3.59","18.99","19.96","09","5%00","8141535612",,"3876935","2904032000000",,"KG","le KG","le KG","Zużycie na produkcję","Dok. ogółem : 3 986 UVC + 658.723 KG","18 713.71","rptNETWSKM003.rpt - GALECPOLOG PL94 (pl94botwinam)",".../...","rptNETWSKM003.rpt - GALECPOLOG PL94 (pl94botwinam)","Wydruk zakończony 09/06/25 o 14:25"
"JAROSLAWDIS","Prot. nr 351 du  31/05/25 ","PROTOK. PRZEKAZANIA","Zaimport dok Express Drive","Dok utworz. przez transfer danych","Zaimport. dok GRAP","Strona 1/1",09/06/25,"Dostawca","Artykuł","il.","CZF Netto","CS BRUT","Wartoć","Wartoć","VAT","Kod","(Ref wytwórcy)","Kod","EAN/PLU","Zestaw","(SZT)","CZF Netto","CS BRUT","Powód","Dzial 0210 WARZYWA I OWOCE : 393 UVC + 229.682 KG","(c.d.)","2 213.51","3 367.24","CENTRUM PLUS SPÓŁKA Z OGRANICZO","MANGO SZT","20","3.2621","5.49","65.24","109.80","09","5%00","8141535612",,"3876109","2401772000000",,,,,"Zużycie na produkcję","Dok. ogółem : 3 986 UVC + 658.723 KG","18 713.71","rptNETWSKM003.rpt - GALECPOLOG PL94 (pl94botwinam)",".../...","rptNETWSKM003.rpt - GALECPOLOG PL94 (pl94botwinam)","Wydruk zakończony 09/06/25 o 14:25"
"JAROSLAWDIS","Prot. nr 351 du  31/05/25 ","PROTOK. PRZEKAZANIA","Zaimport dok Express Drive","Dok utworz. przez transfer danych","Zaimport. dok GRAP","Strona 1/1",09/06/25,"Dostawca","Artykuł","il.","CZF Netto","CS BRUT","Wartoć","Wartoć","VAT","Kod","(Ref wytwórcy)","Kod","EAN/PLU","Zestaw","(SZT)","CZF Netto","CS BRUT","Powód","Dzial 0210 WARZYWA I OWOCE : 393 UVC + 229.682 KG","(c.d.)","2 213.51","3 367.24","CENTRUM PLUS SPÓŁKA Z OGRANICZO","KIWI PALETKA 30SZT","6","1.3816","2.29","8.29","13.74","09","5%00","8141535612",,"3876125","2415954000000",,,,,"Zużycie na produkcję","Dok. ogółem : 3 986 UVC + 658.723 KG","18 713.71","rptNETWSKM003.rpt - GALECPOLOG PL94 (pl94botwinam)",".../...","rptNETWSKM003.rpt - GALECPOLOG PL94 (pl94botwinam)","Wydruk zakończony 09/06/25 o 14:25"
"JAROSLAWDIS","Prot. nr 351 du  31/05/25 ","PROTOK. PRZEKAZANIA","Zaimport dok Express Drive","Dok utworz. przez transfer danych","Zaimport. dok GRAP","Strona 1/1",09/06/25,"Dostawca","Artykuł","il.","CZF Netto","CS BRUT","Wartoć","Wartoć","VAT","Kod","(Ref wytwórcy)","Kod","EAN/PLU","Zestaw","(SZT)","CZF Netto","CS BRUT","Powód","Dzial 0210 WARZYWA I OWOCE : 393 UVC + 229.682 KG","(c.d.)","2 213.51","3 367.24","COMPLEX PIOTR BUJAK","KIWI KOSZ","1","10.3539","18.99","10.35","18.99","09","5%00","8681872224",,"3876141","5907459670172",,,,,"Zużycie na produkcję","Dok. ogółem : 3 986 UVC + 658.723 KG","18 713.71","rptNETWSKM003.rpt - GALECPOLOG PL94 (pl94botwinam)",".../...","rptNETWSKM003.rpt - GALECPOLOG PL94 (pl94botwinam)","Wydruk zakończony 09/06/25 o 14:25"
"JAROSLAWDIS","Prot. nr 351 du  31/05/25 ","PROTOK. PRZEKAZANIA","Zaimport dok Express Drive","Dok utworz. przez transfer danych","Zaimport. dok GRAP","Strona 1/1",09/06/25,"Dostawca","Artykuł","il.","CZF Netto","CS BRUT","Wartoć","Wartoć","VAT","Kod","(Ref wytwórcy)","Kod","EAN/PLU","Zestaw","(SZT)","CZF Netto","CS BRUT","Powód","Dzial 0210 WARZYWA I OWOCE : 393 UVC + 229.682 KG","(c.d.)","2 213.51","3 367.24","CONSORFRUT POLSKA SP. Z O.O.","SAŁATA MASŁOWA SZT","141","1.6313","2.49","230.01","351.09","09","5%00","6792797252",,"3767035","2402045000000",,,,,"Zużycie na produkcję","Dok. ogółem : 3 986 UVC + 658.723 KG","18 713.71","rptNETWSKM003.rpt - GALECPOLOG PL94 (pl94botwinam)",".../...","rptNETWSKM003.rpt - GALECPOLOG PL94 (pl94botwinam)","Wydruk zakończony 09/06/25 o 14:25"
"JAROSLAWDIS","Prot. nr 351 du  31/05/25 ","PROTOK. PRZEKAZANIA","Zaimport dok Express Drive","Dok utworz. przez transfer danych","Zaimport. dok GRAP","Strona 1/1",09/06/25,"Dostawca","Artykuł","il.","CZF Netto","CS BRUT","Wartoć","Wartoć","VAT","Kod","(Ref wytwórcy)","Kod","EAN/PLU","Zestaw","(SZT)","CZF Netto","CS BRUT","Powód","Dzial 0210 WARZYWA I OWOCE : 393 UVC + 229.682 KG","(c.d.)","2 213.51","3 367.24","CONSORFRUT POLSKA SP. Z O.O.","PAPRYKA ZIELONA 5KG LUZ","19.999","9.5653","15.99","191.30","319.78","09","5%00","6792797252",,"3757994","2907724000000",,"KG","le KG","le KG","Zużycie na produkcję","Dok. ogółem : 3 986 UVC + 658.723 KG","18 713.71","rptNETWSKM003.rpt - GALECPOLOG PL94 (pl94botwinam)",".../...","rptNETWSKM003.rpt - GALECPOLOG PL94 (pl94botwinam)","Wydruk zakończony 09/06/25 o 14:25"
"JAROSLAWDIS","Prot. nr 351 du  31/05/25 ","PROTOK. PRZEKAZANIA","Zaimport dok Express Drive","Dok utworz. przez transfer danych","Zaimport. dok GRAP","Strona 1/1",09/06/25,"Dostawca","Artykuł","il.","CZF Netto","CS BRUT","Wartoć","Wartoć","VAT","Kod","(Ref wytwórcy)","Kod","EAN/PLU","Zestaw","(SZT)","CZF Netto","CS BRUT","Powód","Dzial 0211 PIEKARNIA : 3 304 UVC","(c.d.)","3 721.15","5 259.16","JAROSŁAWDIS Spółka z ograniczon","CHLEB VITALEGO 850G","1","4.46","6.29","4.46","6.29","09","5%00","5252675059",,"4303327","0000000001762",,,,,"Zużycie na produkcję","Dok. ogółem : 3 986 UVC + 658.723 KG","18 713.71","rptNETWSKM003.rpt - GALECPOLOG PL94 (pl94botwinam)",".../...","rptNETWSKM003.rpt - GALECPOLOG PL94 (pl94botwinam)","Wydruk zakończony 09/06/25 o 14:25"
"JAROSLAWDIS","Prot. nr 351 du  31/05/25 ","PROTOK. PRZEKAZANIA","Zaimport dok Express Drive","Dok utworz. przez transfer danych","Zaimport. dok GRAP","Strona 1/1",09/06/25,"Dostawca","Artykuł","il.","CZF Netto","CS BRUT","Wartoć","Wartoć","VAT","Kod","(Ref wytwórcy)","Kod","EAN/PLU","Zestaw","(SZT)","CZF Netto","CS BRUT","Powód","Dzial 0211 PIEKARNIA : 3 304 UVC","(c.d.)","3 721.15","5 259.16","JAROSŁAWDIS Spółka z ograniczon","Bułka wodna","1 350","0.77","1.09","1 039.50","1 471.50","09","5%00","5252675059",,"4417531","0000000001170",,,,,"Zużycie na produkcję","Dok. ogółem : 3 986 UVC + 658.723 KG","18 713.71","rptNETWSKM003.rpt - GALECPOLOG PL94 (pl94botwinam)",".../...","rptNETWSKM003.rpt - GALECPOLOG PL94 (pl94botwinam)","Wydruk zakończony 09/06/25 o 14:25"
"JAROSLAWDIS","Prot. nr 351 du  31/05/25 ","PROTOK. PRZEKAZANIA","Zaimport dok Express Drive","Dok utworz. przez transfer danych","Zaimport. dok GRAP","Strona 1/1",09/06/25,"Dostawca","Artykuł","il.","CZF Netto","CS BRUT","Wartoć","Wartoć","VAT","Kod","(Ref wytwórcy)","Kod","EAN/PLU","Zestaw","(SZT)","CZF Netto","CS BRUT","Powód","Dzial 0211 PIEKARNIA : 3 304 UVC","(c.d.)","3 721.15","5 259.16","JAROSŁAWDIS Spółka z ograniczon","Bagietka zapiekankowa","873","1.76","2.49","1 536.48","2 173.77","09","5%00","5252675059",,"4529681","0000000000534",,,,,"Zużycie na produkcję","Dok. ogółem : 3 986 UVC + 658.723 KG","18 713.71","rptNETWSKM003.rpt - GALECPOLOG PL94 (pl94botwinam)",".../...","rptNETWSKM003.rpt - GALECPOLOG PL94 (pl94botwinam)","Wydruk zakończony 09/06/25 o 14:25"
"JAROSLAWDIS","Prot. nr 351 du  31/05/25 ","PROTOK. PRZEKAZANIA","Zaimport dok Express Drive","Dok utworz. przez transfer danych","Zaimport. dok GRAP","Strona 1/1",09/06/25,"Dostawca","Artykuł","il.","CZF Netto","CS BRUT","Wartoć","Wartoć","VAT","Kod","(Ref wytwórcy)","Kod","EAN/PLU","Zestaw","(SZT)","CZF Netto","CS BRUT","Powód","Dzial 0211 PIEKARNIA : 3 304 UVC","(c.d.)","3 721.15","5 259.16","Piekarnia na Zakwasie Kosoń Sp.","BUŁKA CIABATTA","132","1.07","1.49","141.24","196.68","09","5%00","7922306745","(0000000009195)","5129515","0000000009195",,,,,"Zużycie na produkcję","Dok. ogółem : 3 986 UVC + 658.723 KG","18 713.71","rptNETWSKM003.rpt - GALECPOLOG PL94 (pl94botwinam)",".../...","rptNETWSKM003.rpt - GALECPOLOG PL94 (pl94botwinam)","Wydruk zakończony 09/06/25 o 14:25"
"JAROSLAWDIS","Prot. nr 351 du  31/05/25 ","PROTOK. PRZEKAZANIA","Zaimport dok Express Drive","Dok utworz. przez transfer danych","Zaimport. dok GRAP","Strona 1/1",09/06/25,"Dostawca","Artykuł","il.","CZF Netto","CS BRUT","Wartoć","Wartoć","VAT","Kod","(Ref wytwórcy)","Kod","EAN/PLU","Zestaw","(SZT)","CZF Netto","CS BRUT","Powód","Dzial 0211 PIEKARNIA : 3 304 UVC","(c.d.)","3 721.15","5 259.16","JAROSŁAWDIS Spółka z ograniczon","BAJGIEL Z MAKIEM/KMINKIEM","42","0.77","1.09","32.34","45.78","09","5%00","5252675059",,"5002563","0000000001989",,,,,"Zużycie na produkcję","Dok. ogółem : 3 986 UVC + 658.723 KG","18 713.71","rptNETWSKM003.rpt - GALECPOLOG PL94 (pl94botwinam)",".../...","rptNETWSKM003.rpt - GALECPOLOG PL94 (pl94botwinam)","Wydruk zakończony 09/06/25 o 14:25"
"JAROSLAWDIS","Prot. nr 351 du  31/05/25 ","PROTOK. PRZEKAZANIA","Zaimport dok Express Drive","Dok utworz. przez transfer danych","Zaimport. dok GRAP","Strona 1/1",09/06/25,"Dostawca","Artykuł","il.","CZF Netto","CS BRUT","Wartoć","Wartoć","VAT","Kod","(Ref wytwórcy)","Kod","EAN/PLU","Zestaw","(SZT)","CZF Netto","CS BRUT","Powód","Dzial 0211 PIEKARNIA : 3 304 UVC","(c.d.)","3 721.15","5 259.16","JAROSŁAWDIS Spółka z ograniczon","Bułka węgierka","497","0.98","1.39","487.06","690.83","09","5%00","5252675059",,"4179008","0000000001264",,,,,"Zużycie na produkcję","Dok. ogółem : 3 986 UVC + 658.723 KG","18 713.71","rptNETWSKM003.rpt - GALECPOLOG PL94 (pl94botwinam)",".../...","rptNETWSKM003.rpt - GALECPOLOG PL94 (pl94botwinam)","Wydruk zakończony 09/06/25 o 14:25"
"JAROSLAWDIS","Prot. nr 351 du  31/05/25 ","PROTOK. PRZEKAZANIA","Zaimport dok Express Drive","Dok utworz. przez transfer danych","Zaimport. dok GRAP","Strona 1/1",09/06/25,"Dostawca","Artykuł","il.","CZF Netto","CS BRUT","Wartoć","Wartoć","VAT","Kod","(Ref wytwórcy)","Kod","EAN/PLU","Zestaw","(SZT)","CZF Netto","CS BRUT","Powód","Dzial 0211 PIEKARNIA : 3 304 UVC","(c.d.)","3 721.15","5 259.16","JAROSŁAWDIS Spółka z ograniczon","Bagietka czosnkowa","55","2.13","2.99","117.15","164.45","09","5%00","5252675059",,"3957271","0000000002314",,,,,"Zużycie na produkcję","Dok. ogółem : 3 986 UVC + 658.723 KG","18 713.71","rptNETWSKM003.rpt - GALECPOLOG PL94 (pl94botwinam)",".../...","rptNETWSKM003.rpt - GALECPOLOG PL94 (pl94botwinam)","Wydruk zakończony 09/06/25 o 14:25"
"JAROSLAWDIS","Prot. nr 351 du  31/05/25 ","PROTOK. PRZEKAZANIA","Zaimport dok Express Drive","Dok utworz. przez transfer danych","Zaimport. dok GRAP","Strona 1/1",09/06/25,"Dostawca","Artykuł","il.","CZF Netto","CS BRUT","Wartoć","Wartoć","VAT","Kod","(Ref wytwórcy)","Kod","EAN/PLU","Zestaw","(SZT)","CZF Netto","CS BRUT","Powód","Dzial 0211 PIEKARNIA : 3 304 UVC","(c.d.)","3 721.15","5 259.16","JAROSŁAWDIS Spółka z ograniczon","BUŁKA HAMBURGEROWA","88","0.92","1.29","80.96","113.52","09","5%00","5252675059",,"5044698","0000000001199",,,,,"Zużycie na produkcję","Dok. ogółem : 3 986 UVC + 658.723 KG","18 713.71","rptNETWSKM003.rpt - GALECPOLOG PL94 (pl94botwinam)",".../...","rptNETWSKM003.rpt - GALECPOLOG PL94 (pl94botwinam)","Wydruk zakończony 09/06/25 o 14:25"
"JAROSLAWDIS","Prot. nr 351 du  31/05/25 ","PROTOK. PRZEKAZANIA","Zaimport dok Express Drive","Dok utworz. przez transfer danych","Zaimport. dok GRAP","Strona 1/1",09/06/25,"Dostawca","Artykuł","il.","CZF Netto","CS BRUT","Wartoć","Wartoć","VAT","Kod","(Ref wytwórcy)","Kod","EAN/PLU","Zestaw","(SZT)","CZF Netto","CS BRUT","Powód","Dzial 0211 PIEKARNIA : 3 304 UVC","(c.d.)","3 721.15","5 259.16","Piekarnia na Zakwasie Kosoń Sp.","BAJGIEL CIEMNY","266","1.06","1.49","281.96","396.34","09","5%00","7922306745","(0000000009196)","5194774","0000000009196",,,,,"Zużycie na produkcję","Dok. ogółem : 3 986 UVC + 658.723 KG","18 713.71","rptNETWSKM003.rpt - GALECPOLOG PL94 (pl94botwinam)",".../...","rptNETWSKM003.rpt - GALECPOLOG PL94 (pl94botwinam)","Wydruk zakończony 09/06/25 o 14:25"
"JAROSLAWDIS","Prot. nr 351 du  31/05/25 ","PROTOK. PRZEKAZANIA","Zaimport dok Express Drive","Dok utworz. przez transfer danych","Zaimport. dok GRAP","Strona 1/1",09/06/25,"Dostawca","Artykuł","il.","CZF Netto","CS BRUT","Wartoć","Wartoć","VAT","Kod","(Ref wytwórcy)","Kod","EAN/PLU","Zestaw","(SZT)","CZF Netto","CS BRUT","Powód","Dzial 0212 CUKIERNIA : 15 UVC","(c.d.)","19.20","26.85","JAROSŁAWDIS Spółka z ograniczon","PIEKARNIA NA ZAKWASIE CROISSANT","15","1.28","1.79","19.20","26.85","09","5%00","5252675059",,"4181616","0000000000758",,,,,"Zużycie na produkcję","Dok. ogółem : 3 986 UVC + 658.723 KG","18 713.71","rptNETWSKM003.rpt - GALECPOLOG PL94 (pl94botwinam)",".../...","rptNETWSKM003.rpt - GALECPOLOG PL94 (pl94botwinam)","Wydruk zakończony 09/06/25 o 14:25"
"JAROSLAWDIS","Prot. nr 351 du  31/05/25 ","PROTOK. PRZEKAZANIA","Zaimport dok Express Drive","Dok utworz. przez transfer danych","Zaimport. dok GRAP","Strona 1/1",09/06/25,"Dostawca","Artykuł","il.","CZF Netto","CS BRUT","Wartoć","Wartoć","VAT","Kod","(Ref wytwórcy)","Kod","EAN/PLU","Zestaw","(SZT)","CZF Netto","CS BRUT","Powód","Dzial 0213 RYBY Z OBSŁUGĽ : 13.37 KG","(c.d.)","642.85","878.46","SCAWAR Sp. z o.o.","ŁOSO 3KG OGONKI WĘDZ N/G","12.164","46.9495","63.99","571.09","778.37","09","5%00","5222574715",,"4819546","2903499000000",,"KG","le KG","le KG","Zużycie na produkcję","Dok. ogółem : 3 986 UVC + 658.723 KG","18 713.71","rptNETWSKM003.rpt - GALECPOLOG PL94 (pl94botwinam)",".../...","rptNETWSKM003.rpt - GALECPOLOG PL94 (pl94botwinam)","Wydruk zakończony 09/06/25 o 14:25"
"JAROSLAWDIS","Prot. nr 351 du  31/05/25 ","PROTOK. PRZEKAZANIA","Zaimport dok Express Drive","Dok utworz. przez transfer danych","Zaimport. dok GRAP","Strona 1/1",09/06/25,"Dostawca","Artykuł","il.","CZF Netto","CS BRUT","Wartoć","Wartoć","VAT","Kod","(Ref wytwórcy)","Kod","EAN/PLU","Zestaw","(SZT)","CZF Netto","CS BRUT","Powód","Dzial 0213 RYBY Z OBSŁUGĽ : 13.37 KG","(c.d.)","642.85","878.46","SCAWAR Sp. z o.o.","ŁOSO 3KG PORCJE B/S WĘDZ N/G","1.206","59.50","82.99","71.76","100.09","09","5%00","5222574715",,"5276084","2971881000000",,"KG","le KG","le KG","Zużycie na produkcję","Dok. ogółem : 3 986 UVC + 658.723 KG","18 713.71","rptNETWSKM003.rpt - GALECPOLOG PL94 (pl94botwinam)",".../...","rptNETWSKM003.rpt - GALECPOLOG PL94 (pl94botwinam)","Wydruk zakończony 09/06/25 o 14:25"
"JAROSLAWDIS","Prot. nr 351 du  31/05/25 ","PROTOK. PRZEKAZANIA","Zaimport dok Express Drive","Dok utworz. przez transfer danych","Zaimport. dok GRAP","Strona 1/1",09/06/25,"Dostawca","Artykuł","il.","CZF Netto","CS BRUT","Wartoć","Wartoć","VAT","Kod","(Ref wytwórcy)","Kod","EAN/PLU","Zestaw","(SZT)","CZF Netto","CS BRUT","Powód","Dzial 0214 PRZETWORY RYBNE : 5 UVC","(c.d.)","73.77","98.95","SCAWAR Sp. z o.o.","MOWI ESSENT ŁOSO 125G WĘDZ N/G","3","16.2626","20.99","48.79","62.97","09","5%00","5222574715",,"4330171","5906259702625",,,,,"Zużycie na produkcję","Dok. ogółem : 3 986 UVC + 658.723 KG","18 713.71","rptNETWSKM003.rpt - GALECPOLOG PL94 (pl94botwinam)",".../...","rptNETWSKM003.rpt - GALECPOLOG PL94 (pl94botwinam)","Wydruk zakończony 09/06/25 o 14:25"
"JAROSLAWDIS","Prot. nr 351 du  31/05/25 ","PROTOK. PRZEKAZANIA","Zaimport dok Express Drive","Dok utworz. przez transfer danych","Zaimport. dok GRAP","Strona 1/1",09/06/25,"Dostawca","Artykuł","il.","CZF Netto","CS BRUT","Wartoć","Wartoć","VAT","Kod","(Ref wytwórcy)","Kod","EAN/PLU","Zestaw","(SZT)","CZF Netto","CS BRUT","Powód","Dzial 0214 PRZETWORY RYBNE : 5 UVC","(c.d.)","73.77","98.95","KORAL S.A.","KOR ŁOSO 100G WĘDZ B/DODATKÓW","2","12.49","17.99","24.98","35.98","09","5%00","4510970",,"4134409","5900335026230",,,,,"Zużycie na produkcję","Dok. ogółem : 3 986 UVC + 658.723 KG","18 713.71","rptNETWSKM003.rpt - GALECPOLOG PL94 (pl94botwinam)",".../...","rptNETWSKM003.rpt - GALECPOLOG PL94 (pl94botwinam)","Wydruk zakończony 09/06/25 o 14:25"
"JAROSLAWDIS","Prot. nr 351 du  31/05/25 ","PROTOK. PRZEKAZANIA","Zaimport dok Express Drive","Dok utworz. przez transfer danych","Zaimport. dok GRAP","Strona 1/1",09/06/25,"Dostawca","Artykuł","il.","CZF Netto","CS BRUT","Wartoć","Wartoć","VAT","Kod","(Ref wytwórcy)","Kod","EAN/PLU","Zestaw","(SZT)","CZF Netto","CS BRUT","Powód","Dzial 0303 GOSPODARSTWO DOMOWE : 7 UVC","(c.d.)","28.34","37.43","SARANTIS POLSKA S.A.","GROS SERWETKI BIAŁE 33X33CM 50X","5","5.1324","6.49","25.66","32.45","13","23%00","5210418872","(8571002702)","4722179","5900536237756",,,,,"Zużycie na produkcję","Dok. ogółem : 3 986 UVC + 658.723 KG","18 713.71","rptNETWSKM003.rpt - GALECPOLOG PL94 (pl94botwinam)",".../...","rptNETWSKM003.rpt - GALECPOLOG PL94 (pl94botwinam)","Wydruk zakończony 09/06/25 o 14:25"
"JAROSLAWDIS","Prot. nr 351 du  31/05/25 ","PROTOK. PRZEKAZANIA","Zaimport dok Express Drive","Dok utworz. przez transfer danych","Zaimport. dok GRAP","Strona 1/1",09/06/25,"Dostawca","Artykuł","il.","CZF Netto","CS BRUT","Wartoć","Wartoć","VAT","Kod","(Ref wytwórcy)","Kod","EAN/PLU","Zestaw","(SZT)","CZF Netto","CS BRUT","Powód","Dzial 0303 GOSPODARSTWO DOMOWE : 7 UVC","(c.d.)","28.34","37.43","SCAWAR Sp. z o.o.","CO SERWETKI 50X GASTRO 33X33X","2","1.34","2.49","2.68","4.98","13","23%00","5222574715",,"4722104","5906764646568",,,,,"Zużycie na produkcję","Dok. ogółem : 3 986 UVC + 658.723 KG","18 713.71","rptNETWSKM003.rpt - GALECPOLOG PL94 (pl94botwinam)",".../...","rptNETWSKM003.rpt - GALECPOLOG PL94 (pl94botwinam)","Wydruk zakończony 09/06/25 o 14:25"
"JAROSLAWDIS","Prot. nr 351 du  31/05/25 ","PROTOK. PRZEKAZANIA","Zaimport dok Express Drive","Dok utworz. przez transfer danych","Zaimport. dok GRAP","Strona 1/1",09/06/25,"Dostawca","Artykuł","il.","CZF Netto","CS BRUT","Wartoć","Wartoć","VAT","Kod","(Ref wytwórcy)","Kod","EAN/PLU","Zestaw","(SZT)","CZF Netto","CS BRUT","Powód","Dzial 0306 ARTYKUŁY PAPIERNICZE : 1 UVC","(c.d.)","2.00","2.79","SCAWAR Sp. z o.o.","CO KOSTKA KLEJONA 1X KOLOROWA","1","2.0003","2.79","2.00","2.79","13","23%00","5222574715",,"4406047","5907637329977",,,,,"Zużycie na produkcję","Dok. ogółem : 3 986 UVC + 658.723 KG","18 713.71","rptNETWSKM003.rpt - GALECPOLOG PL94 (pl94botwinam)",".../...","rptNETWSKM003.rpt - GALECPOLOG PL94 (pl94botwinam)","Wydruk zakończony 09/06/25 o 14:25"